clean_text,source,sentiment,topic,aspect,confidence
hello dear students mai ne film review bhi upload kiya hai bahoot hi easy language jaldi se us ko check kar lo,youtube,Positive,platform_experience,easy platform,0.7
thank,youtube,Positive,general_reading,general appreciation,0.7
mam aap padhati baghun acchi ho likin sambhaji nahi chatrapati sambhaji maharaj boliye please,youtube,Neutral,general_reading,request for specific book,0.7
writing skills batyo mam,youtube,Neutral,general_reading,writing skills,0.7
nhi hai,youtube,Neutral,general_reading,no specific issue,0.7
mark milege itne likha please fast reply,youtube,Positive,platform_experience,fast reply,0.7
myam aagr yehi likha kuch nhi hoga na,youtube,Neutral,general_reading,no opinion,0.7
magzine review,youtube,Neutral,general_reading,magazine review,0.7
mam review beautiful chhatrapati sambhaji maharaja write sambhaji maharaja,youtube,Neutral,general_reading,book review,0.7
best,youtube,Positive,general_reading,overall enjoyment,0.7
par year hai maan naki,youtube,Neutral,general_reading,no specific issue,0.7
mam aapne jo point likha hai vahi likhana hai kya,youtube,Negative,platform_experience,confusing interface,0.7
thank much maam,youtube,Positive,general_reading,general appreciation,0.7
aur madem ye jyada short nahi full marks milenge naa,youtube,Negative,story_quality,short story not satisfying,0.7
madem front page back page puchte hai kya likhna hai fir,youtube,Negative,platform_experience,confusing user interface,0.7
thank much mam khup chan,youtube,Positive,general_reading,no specific issue,0.7
mam mein se milenge agar aisa likha toh bcoz itna chota hain marks milenge lagta hain,youtube,Negative,general_reading,marks are too low,0.7
review hame paragraph likhna hai ya points,youtube,Negative,platform_experience,confusing interface,0.7
mam chava spelling aapne likha hai vaise hi sahi hai kya,youtube,Neutral,general_reading,author opinion,0.7
mam chava ki spelling konsi likhe,youtube,Negative,general_reading,spelling mistakes,0.7
thank maam,youtube,Positive,general_reading,general appreciation,0.7
expansion idea,youtube,Neutral,story_quality,expansion idea,0.7
mam bus mera last question hai review ko paragraph form mai likhe ya jesa appne likha hai khula khula line chor kr wesa,youtube,Neutral,platform_experience,review writing format,0.7
mam table format main bhi interview atta hai main aya tha,youtube,Neutral,general_reading,unintelligible text,0.7
novel,youtube,Neutral,genre_preference,specific genre,0.7
thank much maam app ka video dekh kar mera board ka exam ka dar nahi lagraha thanks,youtube,Positive,general_reading,inspiring reading experience,0.7
thanks maine ye film review likha tha full marks aagye aapka n tha thora tora tha keep thank uyy,youtube,Positive,platform_experience,good customer service,0.7
speech writing,youtube,Neutral,general_reading,speech writing,0.7
novels personal response plss plss,youtube,Neutral,general_reading,personal response wanted,0.7
mam paragraph nahi likha marks nahi katenge,youtube,Negative,story_quality,poor writing,0.7
pura yesahi likha marks milenge na mam,youtube,Negative,general_reading,marks not guaranteed,0.7
thank mam,youtube,Positive,general_reading,general appreciation,0.7
konsibi movi ya kosa bhi book chalta,youtube,Neutral,general_reading,book availability,0.7
mam chava special mistake right chhava haii,youtube,Neutral,general_reading,no specific issue,0.7
thank much mam youre great mam,youtube,Positive,platform_experience,good customer service,0.7
maam kya aap appreciation ka bhi easy learning wala vedio dal skate ho kya please dal,youtube,Positive,platform_experience,easy learning video,0.7
thank maam apne hamara tension kam kar diyathanks lot maam,youtube,Positive,platform_experience,good customer service,0.7
mam plz urdu ke liye bhi,youtube,Neutral,genre_preference,urdu books requested,0.7
qc woh batao,youtube,Neutral,general_reading,no clear issue,0.7
great picks,youtube,Positive,platform_experience,great picks,0.7
buy,youtube,Positive,platform_experience,purchase_process,0.7
yes,youtube,Neutral,general_reading,no specific issue,0.7
indian rainbow great read madam,youtube,Positive,general_reading,great read,0.7
bro first ever book got time reading october junction divya prakash dube bro nice book anyone knows,youtube,Neutral,platform_experience,first time reading,0.7
books four aggreement comfort book atomic habits ramayan mahabharat mahagatha rekta books poetry women love much artist way,youtube,Neutral,general_reading,book suggestions,0.7
recommendation teen atomic habits ikegai anne green gabbles strength scares little prince greenglass house mansfeild,youtube,Neutral,general_reading,book recommendations,0.7
wanna start reading go psychological thrillers like never lie frieda mcfadden rather self help books,youtube,Positive,genre_preference,psychological thriller preference,0.7
wtf list,youtube,Negative,platform_experience,confusing interface,0.7
want suggest read quran damn sure youll gonna love reading guides every single step life famous book ever know,youtube,Positive,general_reading,recommendation,0.7
read good girls guide murder say goodbye,youtube,Positive,general_reading,read good book,0.7
u wanna really get readingread literally book holly jacksonmy pick would agggtm u like dystopiantry shatter book lynn painter also amazing,youtube,Positive,genre_preference,recommend dystopian books,0.7
poor recommendationplease upgrade recommendation game,youtube,Negative,platform_experience,recommendation game,0.7
bro l read vegetarian super creepy many questionable things l absolutely loved reading good keeps u hooked,youtube,Positive,genre_preference,enjoyed creepy genre,0.7
really bad recommendation someone wants start readingand plz dont call mahabharat history diff history mythology,youtube,Negative,genre_preference,bad recommendation,0.7
would recommend good feel bad good vibes good lifeand wardd,youtube,Positive,general_reading,good reading experience,0.7
dear maam im currently writing book around complete planned release amazon within next months im reaching early request support goes live even short review mention would greatly help thank much time encouragement,youtube,Positive,platform_experience,request support,0.7
ikigai better self help books youve mentioned,youtube,Positive,genre_preference,self-help book suggestion,0.7
bhagwad geeta team,youtube,Positive,author_opinion,team,0.7
people like reading classicsthen go animal farm short good book,youtube,Positive,general_reading,good book,0.7
sry say totally boring recommendation books,youtube,Negative,genre_preference,boring book recommendation,0.7
want cutefeel good bookyou go days morisaki bookshop,youtube,Negative,platform_experience,confusing user interface,0.7
surely read books recommend recently read novel allah miyan ka karkhana mohsin khan latest sensation literary scenario sincerely request review novel available hindi read come soon languages including one english harper collins english im interested reading english review better know novel recently honored bank baroda rashtrabhasha samman published rekhta critics described mirror reflects societys harsh truths poignantly portrays innocence especially children punished injustice defenseless continues thrive work raises profound moral social questions resonate deeply times review novel would invaluable literature lovers offer viewers fresh perspective,youtube,Positive,platform_experience,request for review,0.7
book kaha se milegi ye bhi bata,youtube,Negative,platform_experience,confusing interface,0.7
mountain genuinely love book helps transforming self sabotage self mastery,youtube,Positive,general_reading,self improvement,0.7
must read uninstall future ai diljot kaur available amazon paperback ebook dont forget put ur reviews science fiction recommendation read till end indian author,youtube,Positive,platform_experience,recommendation,0.7
recs someone wants get reading loves cdramas read ann liangs books youll fall love want read mythology fiction hidden hindu trilogy akshat gupta perfect want read suspense read silent patient plot crazy want read something related self harm rape read way used shows raped someone close getting correct environment discuss loved ones change also read girl pieces,youtube,Neutral,general_reading,varied reading interests,0.7
itni sari books lene ke bad kah rahi hai like cannot find choice books,youtube,Negative,genre_preference,lack of choice books,0.7
atomic habit really goodalso try ikigai youre beginner,youtube,Positive,general_reading,book recommendation,0.7
atomic habits like bhagwat geeta,youtube,Neutral,genre_preference,specific book recommendation,0.7
much thankful wondering life hell book recommends women love muchthey showed path started reading still yet complete book exactly need foru dont know much book helping come boundary built understood childhood trauma reason living lifei hoping completing book changed person grt life aheadlots love,youtube,Positive,general_reading,life changing book,0.7
pls read selecting books beginner scratch want get reading try small adventure books good storyline dont get bored stop reading start feeling miserable later slowly explore different genres authorsi would never recommend straight away start nonfiction find preferred genre books truly enjoy trust started reading journey books simple thea stilton series enid blyton nancy drew transformed voracious reader books like thousand splendid suns girl knew much litte lifekite runner girl pieces tuesdays morrie colour water james mcbride equally different engaging stories thanks reading hope find good books read,youtube,Negative,platform_experience,recommendation issues,0.7
app use edit videos,youtube,Neutral,platform_experience,app usability,0.7
strangers,youtube,Neutral,general_reading,no specific issue,0.7
plz give small summary help us choose best one,youtube,Neutral,platform_experience,summary help needed,0.7
comment section empty really enjoyed watchingmore listening,youtube,Negative,platform_experience,comment section empty,0.7
monkey paw also good something horror interesting read first thank later,youtube,Positive,genre_preference,horror genre interest,0.7
found atomic habits boaring,youtube,Negative,story_quality,found it boring,0.7
bata aaisa rahi hai jaise puri book padh li ho,youtube,Positive,story_quality,engaging storyline,0.7
reading subtle art giving fuck next ill read atomic habits,youtube,Neutral,general_reading,next book to read,0.7
like looks good books,youtube,Positive,general_reading,book selection,0.7
recommendation beginner chose read sudha murtys books like good range age groups eventually keep upgrading read book called astitva translated marathi liked much small book recommend,youtube,Positive,genre_preference,recommended books,0.7
self help book power subconscious mind love one badly,youtube,Positive,genre_preference,self-help genre interest,0.7
loved recommendations,youtube,Positive,platform_experience,recommendations,0.7
part please beg,youtube,Neutral,general_reading,request for more content,0.7
forest enchantments,youtube,Neutral,genre_preference,forest enchantments,0.7
read diary young girl anne frank first book niceee heart warming book,youtube,Positive,general_reading,heart warming book,0.7
suggest philosophy books small books finish fast,youtube,Positive,genre_preference,small books,0.7
diu read angels morgan hills shall tell president damn amazing,youtube,Positive,general_reading,enjoyed the book,0.7
wisebits stories like blinkist novels helping tackle reading goals without stress,youtube,Positive,general_reading,reading goals,0.7
never knew wanted till,youtube,Neutral,general_reading,no specific issue,0.7
love book suggestion vids always find gems,youtube,Positive,platform_experience,book suggestion vids,0.7
looking new reads perfect timing,youtube,Positive,general_reading,new reads,0.7
u must read truth without apology acharya prashant,youtube,Positive,author_opinion,recommendation,0.7
idea start love,youtube,Positive,general_reading,enjoyed the idea,0.7
wow needed fresh book ideas thanks,youtube,Positive,general_reading,fresh book ideas,0.7
cant wait check,youtube,Positive,general_reading,excited to read,0.7
finally found next read,youtube,Positive,general_reading,found next read,0.7
di im years old read books really interesting means im asking pls tell,youtube,Positive,general_reading,enjoying reading,0.7
part,youtube,Neutral,general_reading,no specific issue,0.7
read ikigai love helps us realize stay young heart give importantance every moment life,youtube,Positive,general_reading,enjoyed the book,0.7
kya ramayan aur mahabharat bta k chle gye yr inko kya padhna jitna janna zaruri h utna tv dekh liya sabne,youtube,Negative,general_reading,not reading enough,0.7
hey dear book mahabharat unravelled good book reading book dont know felt like writer intentionally wanted portray character karana bad light know karanas character already controversial book kept feeling writer personal grudge,youtube,Negative,author_opinion,biased writing,0.7
fiction pleaseeeeee,youtube,Positive,genre_preference,genre request,0.7
reader approve recommendations good taste fs,youtube,Positive,platform_experience,good recommendations,0.7
dhanyabad mataji,youtube,Positive,general_reading,general appreciation,0.7
try goodbi love shubham garg might,youtube,Neutral,general_reading,no specific aspect,0.7
im new booktuber,youtube,Neutral,platform_experience,new user experience,0.7
start reading hactic day,youtube,Neutral,general_reading,start reading,0.7
ramayana forest enchantments chitra banerjee devakaruni must read freaking good,youtube,Positive,general_reading,must read book,0.7
mahagatha loved,youtube,Positive,general_reading,book enjoyment,0.7
experience want get reading diaryof young girl mountain echoed romance norwegian wood suspense silent patient good girl guide murder sherlock holmes indian authors palace illusion chitra banerjee curse letting go dark romance haunting adeline hunting adeline romcom funny story emily,youtube,Neutral,genre_preference,varied reading interests,0.7
recommendations verity silent patientfav housemaid series self help cry die secret,youtube,Neutral,general_reading,recommendations,0.7
use read book neet prep,youtube,Neutral,general_reading,no specific aspect,0.7
taste reading,youtube,Neutral,general_reading,taste reading,0.7
part plzzz,youtube,Neutral,general_reading,request for more content,0.7
like reading short ones cappuccino code novel really enjoyed,youtube,Positive,genre_preference,short story preference,0.7
mother maxim gorki trial metamorphosis franz kafka interpreting dreams segmend frued read books lenin marks josef,youtube,Neutral,general_reading,book recommendations,0.7
edit reels like,youtube,Negative,platform_experience,confusing interface,0.7
hinglish romantic book plz suggest,youtube,Neutral,genre_preference,specific genre request,0.7
ramayana mahabharata nonfiction,youtube,Positive,genre_preference,specific genre interest,0.7
read atomic habits di pls btiye neet aspirant read atomic habits pls pls btiye,youtube,Positive,general_reading,recommendation,0.7
boring recommendations someone wants get reading,youtube,Negative,platform_experience,boring recommendations,0.7
p please,youtube,Neutral,general_reading,no specific issue,0.7
part waiting,youtube,Negative,delivery,long waiting time,0.7
favoutie room roof perfect one,youtube,Neutral,general_reading,no specific aspect,0.7
currently reading silent patientjust started,youtube,Neutral,general_reading,current reading experience,0.7
hi promote books want promote book please reply thanks,youtube,Neutral,general_reading,no specific issue,0.7
atomic habits one favourite books,youtube,Positive,genre_preference,favourite books,0.7
love recommendations,youtube,Positive,platform_experience,recommendations,0.7
try mother never knew sudha murthyall books sudha murthy nice,youtube,Positive,genre_preference,author recommendation,0.7
yes di recommendation got vegetarian atomic habits book really amazing even recommendation please go ikigai psychology money,youtube,Positive,genre_preference,recommended vegetarian books,0.7
reading books years finding inspiration must read wings fire book sufficient change life,youtube,Positive,general_reading,finding inspiration,0.7
please read shadows thought nice poems,youtube,Positive,general_reading,nice poems,0.7
omg im huge fan mahagatha extremely engaging book,youtube,Positive,genre_preference,engaging book,0.7
get time read books,youtube,Neutral,general_reading,time to read,0.7
mam hindi translation konsi book sabse bdiya h,youtube,Positive,genre_preference,hindi book preference,0.7
woww finding good books reat,youtube,Positive,general_reading,finding good books,0.7
reader like read historyi currently started reading mahagatha really good book,youtube,Positive,general_reading,enjoying current read,0.7
thank much,youtube,Positive,general_reading,general appreciation,0.7
good book review,youtube,Positive,general_reading,book review,0.7
real boss,youtube,Positive,general_reading,high praise,0.7
thank gor information good job,youtube,Positive,platform_experience,good customer service,0.7
proud,youtube,Positive,general_reading,proud of reading,0.7
excellent,youtube,Positive,general_reading,overall impression,0.7
thank information great job,youtube,Positive,platform_experience,good customer service,0.7
nice,youtube,Positive,general_reading,overall impression,0.7
omgggggggg nice,youtube,Positive,general_reading,general enthusiasm,0.7
wow nice,youtube,Positive,general_reading,overall enjoyment,0.7
thank summary holiday home work,youtube,Neutral,general_reading,no specific issue,0.7
thank helping project,youtube,Positive,general_reading,helping project,0.7
handwriting bad bad handwriting play dont say police officer,youtube,Negative,general_reading,poor writing quality,0.7
mantra today dukaan kitna,youtube,Neutral,general_reading,no specific issue,0.7
chhava,youtube,Negative,platform_experience,unresponsive,0.7
super,youtube,Positive,general_reading,overall enjoyment,0.7
superb quality,youtube,Positive,story_quality,superb quality,0.7
chava chhava,youtube,Neutral,general_reading,no specific issue,0.7
proud people write another review write chhava,youtube,Neutral,general_reading,no specific issue,0.7
really much good excellent,youtube,Positive,general_reading,good reading experience,0.7
dirty,youtube,Negative,platform_experience,poor user interface,0.7
proud people write another review write chhaava,youtube,Neutral,general_reading,no specific issue,0.7
nice continue,youtube,Positive,general_reading,nice reading experience,0.7
bought alchemy secrets yesterday,youtube,Positive,delivery,on time delivery,0.7
read mr turuptthe books long chapters believe chapter mini chapters inside big chapters mini chapter different persons perspective,youtube,Neutral,story_quality,chapter structure confusing,0.7
thats first time ive seen someone rate fearful five stars,youtube,Neutral,author_opinion,rating discrepancy,0.7
ryan,youtube,Negative,platform_experience,no user name,0.7
might adult love books especially fantasy ones ive longing really interesting one thank might read knows definitely help find right book,youtube,Positive,genre_preference,fantasy book preference,0.7
day asking friends,youtube,Neutral,general_reading,no specific issue,0.7
read fake skating lynn painter good,youtube,Positive,general_reading,enjoyed the book,0.7
read review medoran chronicles lynette noni love want see people think,youtube,Positive,general_reading,book recommendation,0.7
day asking read operation frog effect,youtube,Neutral,general_reading,confusing text,0.7
heard enemies lovers eyes lit,youtube,Neutral,general_reading,no specific aspect,0.7
forth wing iron flame onyx storm,youtube,Neutral,general_reading,no specific issue,0.7
yesss broken country book bought havent read yet makes happy see everyone liking,youtube,Positive,general_reading,happy with purchase,0.7
haylee pregnant close angles optical illusion clothing lmao cringe announcement videos definitely cant wait,youtube,Positive,general_reading,excited for new content,0.7
reading books month insane usually takes month read one unless im already hyperfixated pick book like got hyperfixated long walk stephen king read entire thing today,youtube,Neutral,platform_experience,reading speed,0.7
ive read like books,youtube,Neutral,general_reading,frequent reading,0.7
books one month insane reading pace,youtube,Positive,general_reading,insane reading pace,0.7
read lotm,youtube,Neutral,general_reading,read a lot,0.7
woah didnt know fearful released hooked fearless reading,youtube,Positive,general_reading,hooked on reading,0.7
wanna read prison healer lynette noni makes amazing books,youtube,Positive,genre_preference,author recommendation,0.7
great reviews characters must head characters stay must well written thank,youtube,Positive,story_quality,well written characters,0.7
love,youtube,Positive,general_reading,overall enjoyment,0.7
oh thought u meant wrote books september screamed,youtube,Neutral,general_reading,confused about book,0.7
nonfiction books read fiction noy reading nonfiction missing whole sections history make game thrones look absolutely tame,youtube,Negative,genre_preference,nonfiction not appealing,0.7
elin hilderbrand daughter alchemy secrets want read thanks sharing youve read read lot one month quite impressive also wanna read new book released called one way another based stranger things stories,youtube,Positive,general_reading,new book recommendation,0.7
watermark top book corner,youtube,Negative,platform_experience,damaged book,0.7
oh gosh love fantasy thank showing way,youtube,Positive,genre_preference,love fantasy genre,0.7
good titles,youtube,Positive,genre_preference,good titles,0.7
yall read percy jackson promise u might seem like childrens book childish legit made adults younger,youtube,Negative,genre_preference,not suitable for adults,0.7
read amulet book chapters soo good swear best time new york book,youtube,Positive,general_reading,enjoyed reading experience,0.7
one read hard fake piper lawson,youtube,Negative,author_opinion,dislike of author,0.7
wait theese sound good,youtube,Neutral,general_reading,book recommendations,0.7
updated tour home library got lot books,youtube,Positive,general_reading,update home library,0.7
im gonna made fun school doesnt help im guy,youtube,Neutral,general_reading,unrelated text,0.7
okay two book series definitely read naturals jennifer lynn barnes powerless lauren roberts,youtube,Positive,genre_preference,read naturals series,0.7
read beginning everything,youtube,Neutral,general_reading,read beginning everything,0.7
used read much th grade fell th im senior btw books counting arent actual books ive read like im currently reading animal farm george orwell im trying finish actually short book hard time actually sit read reason im book yk,youtube,Negative,general_reading,hard to sit and read,0.7
tried academy review literally threw away way raunchy familys taste,youtube,Negative,genre_preference,raunchy content,0.7
read many books tried able read pages self help fiction,youtube,Positive,genre_preference,self help fiction,0.7
need read witcher hunger games,youtube,Neutral,genre_preference,specific book request,0.7
question know young adult christian books parents strict read,youtube,Neutral,genre_preference,specific genre request,0.7
really like read books encourage read,youtube,Positive,general_reading,encourages reading,0.7
read left behind series tim lahaye jerry b jenkins really good,youtube,Positive,genre_preference,liked christian fiction,0.7
god bless,youtube,Positive,general_reading,general praise,0.7
dont really know reading taste please read medoran chronicles lynette noni,youtube,Neutral,genre_preference,recommendation wanted,0.7
read good girls guide murder series holly jackson,youtube,Positive,genre_preference,liked mystery series,0.7
read life walter boys ali novak finished loved,youtube,Positive,general_reading,loved the book,0.7
ever read series mind heart dreams,youtube,Neutral,general_reading,recommended series,0.7
read manga,youtube,Neutral,genre_preference,manga preference,0.7
please read legend series marie lu favorite book series would love see read books series btw legend prodigy champion rebel,youtube,Positive,genre_preference,favorite book series,0.7
start reading books never finish,youtube,Negative,general_reading,lack of motivation,0.7
prison healer series amazing first book definitely slow plot quickly picks nd rd books,youtube,Positive,genre_preference,enjoyed prison healer series,0.7
u please read ann liangs books,youtube,Positive,general_reading,author_recommendation,0.7
read walked sky awesome loved ever second,youtube,Positive,general_reading,loved the book,0.7
review holly jacksons book series good girls guide murder make ryan read,youtube,Positive,general_reading,recommended reading,0.7
begining fearful ending bad,youtube,Negative,story_quality,bad ending,0.7
definitely read eyes ella justice great author came leafs romantic young audience base romantic fantasies really good hockey really good youre eyes summer leafs falls also fall fall winter summer spring seasons,youtube,Positive,general_reading,enjoyed the author,0.7
idk like murder books kinda kids book around pages called blood water,youtube,Negative,genre_preference,not genre preference,0.7
seehow mindful kind rating book,youtube,Positive,general_reading,mindful kind rating,0.7
u librarian,youtube,Neutral,general_reading,no specific issue,0.7
post plz im dying,youtube,Negative,platform_experience,unresponsive customer service,0.7
ive got book suggestion really fantasy called land neverendings,youtube,Neutral,genre_preference,book suggestion,0.7
hey read books text btw read many comic books possible days manga super hero stuff comics video day,youtube,Neutral,general_reading,genre preference,0.7
love reading books,youtube,Positive,general_reading,enjoy reading,0.7
hey read books text btw read many comic books possible days manga super hero stuff comics video day two,youtube,Neutral,general_reading,genre preference,0.7
dont know anyone time read books month,youtube,Neutral,general_reading,reading frequency,0.7
hey read books text btw read many comic books possible days manga super hero stuff comics video day one,youtube,Positive,general_reading,genre_preference,0.7
september reads well read heroes olympus lost hero would give stars start book pretty boring towards end gets better end sentence book wasnt clear made want go second book faster,youtube,Neutral,general_reading,failed,0.7
sorry im new channel ryan still together,youtube,Neutral,platform_experience,confusing channel navigation,0.7
read selection,youtube,Neutral,general_reading,read selection,0.7
wait read read always isnt forever romance book,youtube,Negative,genre_preference,not enough romance,0.7
could please book recommendations,youtube,Neutral,platform_experience,book recommendations,0.7
girlie series love called lunar chronicles awsome far future dystopian series iconic charecters like cinderrela snow white stuff exisct similar auhtors name marrisa meyer underrated af also book series like romance fantasy ish technology stuff combined elegant addicting way want read first book called cinder,youtube,Positive,genre_preference,love dystopian romance,0.7
yessssssssss finally started prisoner healer seriessss good im sooo excited,youtube,Positive,general_reading,excited about series,0.7
think im emotionally wrecked im years old mom found read write fanfictions,youtube,Negative,general_reading,emotional impact,0.7
gen z old gen z read manga,youtube,Neutral,genre_preference,genre preference,0.7
read harry potter philosophers stone im reading im trying whole series,youtube,Positive,general_reading,reading a series,0.7
dagger flame catherine doyle stars fearful lauren roberts stars prison healer lynette noni stars alchemy secrets stephanie garber stars academy erin hilderbrand stars heartbreak hotel ellen oclover stars broken country clare leslie hall stars,youtube,Neutral,general_reading,no specific issue,0.7
hey vid idea basically read child books recommend also rate keeper octopus idk billy gaunt adventure series promises lies land stories series grandest book world get likes also love channel,youtube,Neutral,general_reading,no specific aspect,0.7
try mind two books,youtube,Neutral,general_reading,recommendation,0.7
girl wish could read like read one book september,youtube,Positive,general_reading,reading frequency,0.7
know book good wish wrote,youtube,Neutral,general_reading,book quality,0.7
kool stuff,youtube,Positive,general_reading,general praise,0.7
prison healer series gets better agree first book slow start wow gets awesome,youtube,Positive,genre_preference,enjoyed series progression,0.7
hello ryans wife,youtube,Neutral,general_reading,no specific issue,0.7
love types videos please short sweet point,youtube,Positive,general_reading,short sweet stories,0.7
please keep need mostly clean good book recommendations,youtube,Positive,platform_experience,book recommendations,0.7
going start reading books,youtube,Neutral,general_reading,starting to read,0.7
months ago binged like videos love way explain books literally convinced read books loved thank much im looking forward reading book next,youtube,Positive,general_reading,enjoyed reading books,0.7
come back fable miss,youtube,Negative,general_reading,missed favorite book,0.7
u recommend books yrs old would love get recommendations,youtube,Positive,platform_experience,recommendations,0.7
rs amazon rs amazon rs flipkart,youtube,Neutral,platform_experience,comparing platforms,0.7
books real value doesnt determine price content core important,youtube,Negative,pricing,price not value based,0.7
better read instead showing,youtube,Neutral,general_reading,reading preference,0.7
bhaibooks ka matalab yeh nahi hota amount dekha cover judge kiya aur nikal liya books ka matlab hai auska andhar ka gyaan ko samjhna chahiye wahi sa insaan ki knowledge badta hai aur wo wale book yehi book tumhe bheed mai sa nikal kar alag banayegi,youtube,Positive,general_reading,understanding of knowledge,0.7
power book,youtube,Positive,genre_preference,power book,0.7
book prince,youtube,Neutral,genre_preference,book title,0.7
dont judge book cover,youtube,Neutral,general_reading,don't judge book cover,0.7
bro wtf,youtube,Negative,general_reading,unspecified issue,0.7
bro flexing money,youtube,Neutral,general_reading,bro flexing money,0.7
bro think,youtube,Neutral,general_reading,no specific issue,0.7
woh book ko padhna hota hai,youtube,Neutral,general_reading,reading preference,0.7
bought,youtube,Neutral,platform_experience,purchase made,0.7
bro whose seeing machiavelli pages,youtube,Negative,platform_experience,poor search functionality,0.7
bro dont judge books value quality please read book find knowledge book eith,youtube,Positive,general_reading,value quality,0.7
bahi ke cherhe ka expression tho dheko,youtube,Negative,general_reading,expression not clear,0.7
definitely say u doesnt read book,youtube,Negative,general_reading,dislike reading,0.7
mean rs book book respected respect dont give review stupid recommendation ever,youtube,Negative,general_reading,disrespectful recommendation,0.7
knowledge expensive book,youtube,Negative,pricing,knowledge expensive,0.7
bro gives content topics lawsthe quality doesnt matter take u like,youtube,Negative,story_quality,quality doesnt matter,0.7
idiot judging book appearance instead knowledge providing,youtube,Negative,author_opinion,judging book appearance,0.7
maybe saw niccolo machiavelli,youtube,Neutral,genre_preference,specific author interest,0.7
agrej ki awaload,youtube,Negative,delivery,late delivery,0.7
machiavellis face book,youtube,Neutral,general_reading,book title confusion,0.7
fun fact contain lesson,youtube,Positive,general_reading,engaging content,0.7
usko padke dekhle,youtube,Negative,platform_experience,confusing interface,0.7
content important looks dont matter,youtube,Positive,general_reading,content over appearance,0.7
bhai hi hai siraf cover hi change hai dont wast money cover different hi robert green ne likhi hi,youtube,Negative,platform_experience,cover change,0.7
bro book literally best book find bro book knowledge bloodline iq together,youtube,Positive,general_reading,book recommendation,0.7
machiaveli got,youtube,Neutral,genre_preference,author preference,0.7
books content books made read flex brother,youtube,Neutral,general_reading,no specific issue,0.7
book studying bro smelling,youtube,Neutral,general_reading,confusing text,0.7
quality doesnt matter content,youtube,Negative,story_quality,quality doesnt matter,0.7
fact books provide knowledge,youtube,Positive,general_reading,provides knowledge,0.7
brother knowledge expencive book,youtube,Negative,pricing,expensive book,0.7
smell like paper bruh,youtube,Negative,general_reading,unpleasant reading experience,0.7
pdhna h ya book ka feel dekhega,youtube,Neutral,general_reading,uninterested in reading,0.7
bros bookasm,youtube,Neutral,general_reading,no specific issue,0.7
bro pls read shit,youtube,Negative,general_reading,unpleasant reading experience,0.7
zesty ahh review,youtube,Neutral,general_reading,no specific issue,0.7
wowthe side shows machiavelli one side robert greene side,youtube,Positive,general_reading,interesting reading suggestions,0.7
read lot learnt nothing,youtube,Negative,story_quality,lack of learning,0.7
yaar pdf download kar k padi thi,youtube,Negative,platform_experience,download issue,0.7
thankyou making amazingggggggggggggggggggggggggggggggggggggggggggggggggggggg,youtube,Positive,general_reading,enjoyable reading experience,0.7
ill rather buy wali acchi quality value money,youtube,Positive,pricing,good value for money,0.7
smell test,youtube,Negative,general_reading,not descriptive enough,0.7
tera baap deta hai ye,youtube,Neutral,general_reading,no specific issue,0.7
kya yaar bina sar pair ki baten karte ho book banaya gaya hai padhne ke liye,youtube,Negative,general_reading,missing main content,0.7
paisa barbaad k ke kitne sare books aa jate,youtube,Negative,pricing,money wasted,0.7
power book valuable rs,youtube,Positive,pricing,valuable,0.7
lwde,youtube,Negative,platform_experience,difficult to use,0.7
need book decor knowledge,youtube,Neutral,general_reading,book recommendations,0.7
get link book,youtube,Neutral,platform_experience,request for link,0.7
tf folds paper even cheap supposed use book mark,youtube,Negative,platform_experience,paper quality,0.7
hi im fan street side book vendors share several purchases years sometimes dont find want im like fine ill random example several years back probably decade sucked world metro dmitry glukhovsky playing pc game wanting read english version couldnt find put hat searched seven seas epub took straight photocopy shop paid like dunno ppage got discount high page count needed told guy make proper booklike version spiral binding sided brochure printing standard book size covertitle page etc end nice copy book argh im rambling anyway much much later found expensive limited edition holding felt moment aura mana power solid feels whatever one may call golden edge print heavy embossing front back thicccc gsm etc etc yea specialty binded books may reality binding us spells blame look beautiful huh coming back clip dualimage edge print two finest minds times brilliant never seen anything like textured finishes nice touches congrats purchase keep safe away relatives friends wishing borrow lol,youtube,Negative,platform_experience,frustrating search experience,0.7
sala abhi jake exchange karega,youtube,Negative,platform_experience,confusing interface,0.7
bro u know u ignored powerfull book laws power book knowledge normal,youtube,Neutral,general_reading,book recommendation,0.7
aurthor differ book,youtube,Neutral,author_opinion,author difference,0.7
bro dont need quilty need knowladge,youtube,Negative,genre_preference,no romance needed,0.7
never judge first read say,youtube,Neutral,general_reading,reading advice,0.7
texture colour smell feel ye sab ka kya tel dalna hai,youtube,Neutral,general_reading,no clear issue,0.7
molasting book,youtube,Negative,story_quality,moldy book,0.7
rich kido,youtube,Neutral,general_reading,no specific issue,0.7
materialistic ho raha hai tu,youtube,Negative,general_reading,materialistic content,0.7
wtf want book look good want book simply get something valuable stupid,youtube,Negative,platform_experience,poor customer service,0.7
fact got book concise part treat like idol try respect much first book got saving monney bit bit also got second hand book store since dont much book store live ask parents buy online scold saying dont need things need focus schl textbooks,youtube,Neutral,general_reading,not reading enough books,0.7
way books first chapter says never outsine masterbut judge book coververy funny,youtube,Positive,general_reading,book cover,0.7
reader totally disagree bending pages turning like even rupees book,youtube,Negative,platform_experience,bending pages,0.7
hell laws power rupees,youtube,Negative,general_reading,incoherent text,0.7
bro second book name,youtube,Negative,platform_experience,confusing interface,0.7
dont insult laws power,youtube,Negative,author_opinion,insulting laws power,0.7
get big book rupees,youtube,Neutral,general_reading,no specific request,0.7
ill give rupees give book,youtube,Positive,pricing,affordable price,0.7
seeing machiavelli,youtube,Neutral,genre_preference,specific book request,0.7
bro chair use,youtube,Neutral,general_reading,no clear issue,0.7
vote rs book,youtube,Neutral,general_reading,no specific issue,0.7
subscribehr study,youtube,Neutral,platform_experience,subscription unclear,0.7
strong resemblance demis hassabis,youtube,Neutral,author_opinion,author credibility,0.7
baa guddha balsindhi ra neeku,youtube,Neutral,general_reading,no specific issue,0.7
bro book reading get lessons smell texture like stupid things,youtube,Negative,general_reading,dislike book content,0.7
idiot didnt show text print quality got excited fore edge,youtube,Negative,story_quality,poor text print quality,0.7
dont judge books knowledge quality tell knowledge smell taste paper way treating books literally right,youtube,Neutral,general_reading,judge books knowledge quality,0.7
like day study,youtube,Neutral,general_reading,no specific aspect,0.7
bhai hell wrong reviewing books burhh idk youtube reccomended rs book far superior gold shit worth k,youtube,Negative,platform_experience,bad user experience,0.7
costs one u mentioned cheap,youtube,Negative,pricing,not cheap,0.7
like min study joking guys,youtube,Neutral,general_reading,no specific aspect,0.7
care knowledge,youtube,Neutral,general_reading,general reading,0.7
bhai mere liye bhi ek laade,youtube,Negative,delivery,late delivery,0.7
books wtf wrong read words understand ideas expensive books teach automatically,youtube,Negative,pricing,expensive books,0.7
mannnn youre buying books think read one read one wouldnt uploaded video,youtube,Negative,platform_experience,confusing platform,0.7
like hr study,youtube,Positive,general_reading,reading preference,0.7
many people doesnt even get knowledge getting getting precious life lesson btw cheap pirated actual price also good paper quality,youtube,Negative,pricing,cheap pirated copies,0.7
rs book,youtube,Neutral,platform_experience,search functionality,0.7
never judge aa bookk without cover,youtube,Neutral,general_reading,judge book by cover,0.7
judging book way treating like shit need grow buddy read learn think behaving like shit,youtube,Negative,author_opinion,author's behavior,0.7
like km running,youtube,Positive,general_reading,enjoyable reading experience,0.7
dont hurt book,youtube,Neutral,general_reading,emotional impact,0.7
kahan se mila bhai appko,youtube,Neutral,platform_experience,unfamiliar interface,0.7
unknown book sacrament clive barker absolutely hated really hard follow along,youtube,Negative,story_quality,hard to follow,0.7
personally loved thats opinion,youtube,Positive,author_opinion,loved author's opinion,0.7
hate belly much,youtube,Negative,general_reading,hate belly much,0.7
help please,youtube,Negative,platform_experience,unhelpful support,0.7
wearing tiara scl american main character thing,youtube,Neutral,genre_preference,unfamiliar genre,0.7
without merit wanted sleep uncle,youtube,Negative,general_reading,confusing text,0.7
uhhh read ends useven tho ppl warned soooo yeah,youtube,Negative,story_quality,unsatisfying ending,0.7
whole pjo series purpose rereading,youtube,Positive,general_reading,re-reading preference,0.7
polish book kiedy ci odnajd like wtf,youtube,Negative,delivery,late delivery,0.7
powerless boring,youtube,Negative,story_quality,boring story,0.7
assistant villian,youtube,Neutral,genre_preference,villain character,0.7
literally every colleen hoover book,youtube,Positive,genre_preference,specific author preference,0.7
summer turned pretty like summer put makeup ruined whole family,youtube,Negative,general_reading,confusing writing style,0.7
book ive read school go back read enjoy,youtube,Positive,general_reading,enjoy reading,0.7
ok love,youtube,Positive,general_reading,general approval,0.7
im reading rn wearing tirara school lowkey scared though joke first choice yk,youtube,Neutral,general_reading,currently reading,0.7
acotar tamlin yes acotar,youtube,Positive,genre_preference,favorite fantasy series,0.7
shades grey also sad,youtube,Neutral,general_reading,emotional impact,0.7
read thousand boy kisses wish could unread sad like crying eyeballs poppy diedand played cello last timethat sobbing middle ela class still amazing book though lovehate relationship book,youtube,Positive,story_quality,sad and emotional,0.7
friend read first book loved much since wearing tiara school weirdly pulls really well like subtle nod character,youtube,Positive,general_reading,enjoyable reading experience,0.7
um help im reading,youtube,Neutral,general_reading,reading experience,0.7
silent patient bad,youtube,Negative,story_quality,bad story,0.7
good girls guide murder read first time,youtube,Positive,general_reading,enjoyable read,0.7
loved made cry soooo hard summer turned pretty made fuckin angry hyped,youtube,Positive,story_quality,emotional impact,0.7
love dog bad,youtube,Positive,general_reading,love for genre,0.7
literally stopped reading wore tiara schooli like thank,youtube,Negative,platform_experience,confusing user interface,0.7
unpopular opinion maths textbook,youtube,Negative,genre_preference,unpopular genre,0.7
unpopular opinion powerless series,youtube,Negative,genre_preference,unpopular opinion,0.7
summer turned pretty fact name belly cringe enough,youtube,Negative,general_reading,dislike of content,0.7
red queen read,youtube,Neutral,general_reading,book recommendation,0.7
secretly much spice,youtube,Positive,general_reading,enjoyed the book,0.7
go set watchman makes kill mockingbird completely meaningless,youtube,Negative,story_quality,plot inconsistency,0.7
every book ive read read,youtube,Positive,general_reading,enjoyed reading,0.7
powerless cuase ruined made fall love,youtube,Positive,general_reading,made fall in love,0.7
booktok coming youtube,youtube,Neutral,platform_experience,book recommendation,0.7
cant get literally naming favorive books,youtube,Negative,genre_preference,favorite books unavailable,0.7
bro im sorry thing destroy book fandoms,youtube,Negative,general_reading,book fandoms,0.7
twilight,youtube,Positive,genre_preference,specific genre,0.7
theres girl school started wearing tiaras week ago looked happy wearing like know heart got happy seeing something like told like favorite books relate autumn sooo much,youtube,Positive,general_reading,relatable story,0.7
turner diaries nazist,youtube,Negative,genre_preference,genre not available,0.7
wish could unread books even theyre good tell others get unless like sorta thing,youtube,Neutral,general_reading,unlimited reading options,0.7
loved wirh loved tiaras honestly wasnt like every single main character girl yk,youtube,Negative,general_reading,dislike main character,0.7
gooddd tiaras symbol quirky style well independence finished thought really well written tbh,youtube,Positive,general_reading,well written,0.7
new book heres preview guysss cant breathe said dying laughter arms two teens laughing stupid video pulled internet ai cat dancing song top cup hot chocolate know seems stupid thought funny laugh made laugh laughing living actually let introduce im average teenage boy hoodie pajama pants brown straight hair emerald green eyes foot name levi average name average american boy junior year redwood high school crappy school forced write random junk piece paper would eventually thrown away obviously wasnt straight student mean elementary years soon reached independence middle school lost everything ability focus class empathy towards others wasnt ever really nice anyone middle school freshman sophomore year last month changed met girl dreams one could make laugh dropping pencil class showing stupid pointless videos internet met everything sorta came back started changing acted kinder towards others started picking grades focused something changed dont know scent scent flowers way dressed always jean shorts short top blonde hair even bright blue eyes maybe laugh way helped study school way made flashcards way gave homework answers dont know wasnt one thing everything liked house scrolling plethora videos laughing even made sense one said clean toilet cheeseburger yeah something would laughed kindergarten something didnt laugh laugh made laugh way lied chest scrolled videos holding arm front face could see life mattered parents always harassing get girlfriend never interested didnt feel like putting trust random person didnt even know knew could easily fumble would get used special person saw hallway way english third period knew try friends even annoyed girls liked someone started making matches random girls try help help tried ignore also worried never went school dance girl unlike never went lunch studied someone opposite sex worried didnt want alone lived small town called redwood town basic home barry redwood ill explain towns history barry redwood lived history started young boy around age twelve mother died five years old due alcohol addiction grew depressed strict dad dad would make walk around town degree weather going door door selling newspapers new publishing business since dad busy work made work also grew alone imprisoned fathers wrath freedom alone though would practice math problems would sit desk every time free alone practice math problems math cured mind top mathematician school dedicated role dad supportive waste time writing numbers paper fly house going work business barry ignored father least dont need type fake news stories typewriter seven hours day trying start drama town maybe cause riot maybe bring everyone apart whatever stupid beansized mind plan barry would think one day decided run away one really knows happened say took life got lost trying find perfect life theories say find perfect life lived inside tiny house beach glistening sparkling ocean sorta like barry met anna girl dreams look better life happy,youtube,Neutral,general_reading,unrelated to book,0.7
yessssss king greed awfullllll,youtube,Positive,general_reading,enjoyed the book,0.7
secret garden,youtube,Neutral,genre_preference,specific book request,0.7
today shopping michaels saw acotar cookbook literally almost crisis middle store cuz kind food could come book like ive never read nobody know likes,youtube,Negative,platform_experience,poor in-store experience,0.7
regret buying first acotar dont tiktok never wasnt caught trend nonsense bought based scottish folktale tam lin hence name love folklore disappointed characters unlikeable least learned read rest series knew going get worse,youtube,Negative,genre_preference,disappointed with fantasy,0.7
wish unread dumbest book ever written book titled freak mighty wish one burned,youtube,Negative,general_reading,bad book choice,0.7
told laura nowlin,youtube,Positive,author_opinion,author recommendation,0.7
loved made cry,youtube,Positive,story_quality,emotional impact,0.7
wish could unread boy striped pajamas bad many aspects bug,youtube,Negative,platform_experience,buggy user interface,0.7
agree,youtube,Neutral,general_reading,no specific issue,0.7
ok question say books like reading fanfic turn around say wheres yearning wheres begging,youtube,Negative,general_reading,confused by recommendations,0.7
actually enjoyed first book read coming back reading thought cute junior high school maybe thats cute,youtube,Positive,general_reading,enjoyed reading experience,0.7
unpopular opinion haunting adeline made want rip hair said,youtube,Neutral,general_reading,confusing writing style,0.7
unpopular opinion l love summer turned prettyyyy,youtube,Positive,genre_preference,unpopular genre,0.7
thank sharing currently reading timeless fate series books ilana fantasy survival thriller interesting recommend,youtube,Positive,genre_preference,ilana fantasy survival thriller,0.7
powerless series reread,youtube,Positive,general_reading,reread,0.7
hear powerless bc get read first time shatter reason,youtube,Negative,story_quality,powerless story,0.7
disagree say dont want hater,youtube,Negative,author_opinion,disagree with author,0.7
god speak facts,youtube,Neutral,general_reading,no specific issue,0.7
boys ive ever loved id also like unwatch hate lara jean peter kavinsky together dont chemistry least movies,youtube,Neutral,general_reading,no specific aspect,0.7
wish unsee serena carpenter album cover,youtube,Neutral,general_reading,unrelated comment,0.7
autumn reason wore tiaras school th grade,youtube,Neutral,general_reading,nonsensical text,0.7
uhm mom love acotar like loves,youtube,Positive,genre_preference,favorite fantasy series,0.7
offense vids opinions lowk piss baddd,youtube,Negative,general_reading,offensive content,0.7
unpopular opinion king greed waaay better king wrath,youtube,Neutral,author_opinion,author preference,0.7
books lol read first chapter find another random chapter read one side im still happy dont read book,youtube,Negative,platform_experience,random chapter order,0.7
cant tell rage bait,youtube,Negative,story_quality,unengaging plot,0.7
one us lying karen mcmanus worst murder mystery book series ive ever read character actually liked maeve rojas,youtube,Negative,genre_preference,not a fan of murder mystery,0.7
wish could permanently unread powerless,youtube,Negative,general_reading,powerless reading experience,0.7
mean theres groveling yearning king greed grovelled whole book,youtube,Negative,story_quality,problematic plot,0.7
bro loved matched books pmo imo wasnt good povs really confusing matched dubs,youtube,Negative,story_quality,confusing plot,0.7
loved love autumn didnt conform popular girls whatever loved tiaras,youtube,Positive,general_reading,enjoyed reading experience,0.7
hate seriously love summer turned pretty im currently reading second book,youtube,Positive,genre_preference,love summer romance,0.7
yes read king greed havent picked since im currrently attempting rereading acotar long,youtube,Neutral,general_reading,current reading habits,0.7
love summer turn pretty series like first books wasnt kids,youtube,Positive,genre_preference,liked series,0.7
tale desperaux bc girls mother dies end nobody cares want one point somebody finally asks wants says want mom,youtube,Negative,story_quality,poor character development,0.7
wicked lovley harry potter worst book series opinion,youtube,Neutral,author_opinion,mixed opinion,0.7
check book,youtube,Neutral,platform_experience,check book functionality,0.7
hunger games divergent reread serious one kpop demon hunters book got christmas love kdh book spelled huntrix huntrx times find aesthetically displeasing got names saja boys wrong,youtube,Negative,general_reading,aesthetically displeasing,0.7
king greed favorite book ana huangs book cause dang realistic relate happened almost parents except dirty parts afc like,youtube,Positive,general_reading,favorite book,0.7
loved,youtube,Positive,general_reading,overall enjoyment,0.7
icebreaker stop giving spicy books innocent covers,youtube,Negative,genre_preference,wrong genre selection,0.7
pain sister whos fan summer turned petty realistic fiction pointless sounds cooler guys going supermarket conquistador centaurs battling mammoths,youtube,Negative,general_reading,confusing writing style,0.7
said different video love mewhich exactly,youtube,Negative,general_reading,incoherent text,0.7
love sure getting second hand embarrassment overthe tiaras think ending quite fast tho,youtube,Negative,story_quality,ending too fast,0.7
flock kate stewart dont think explanation needed,youtube,Negative,author_opinion,author opinion,0.7
best book ever cried dang hard bro,youtube,Positive,general_reading,emotional impact,0.7
belly weird nickname tbh,youtube,Neutral,general_reading,unrelated opinion,0.7
read fanfic lots spice lol,youtube,Positive,genre_preference,fanfic preference,0.7
agree king greed put reading slump rest series kings sin twisted series good,youtube,Neutral,general_reading,mixed reading experience,0.7
books forced read home reading,youtube,Negative,general_reading,forced home reading,0.7
okay saying reads like fanfic actually insane take,youtube,Negative,story_quality,reads like fanfic,0.7
complain tamlin bring rhysand hes bad,youtube,Negative,author_opinion,dislike of character,0.7
red white royal blue bc yhat book traumatized,youtube,Negative,general_reading,traumatized by book,0.7
cruel prince,youtube,Neutral,genre_preference,specific book request,0.7
everyone told give cardan another change decided read entire series anyone come hated cruel prince giving second chance,youtube,Neutral,author_opinion,author opinion mixed,0.7
honest review book seriouslyyyy thanks girlll,youtube,Positive,general_reading,honest review,0.7
hated book let,youtube,Negative,story_quality,hated the book,0.7
ouabh caravel plzzzz,youtube,Neutral,general_reading,unintelligible review,0.7
book havent read yet,youtube,Neutral,general_reading,no opinion given,0.7
know looking romance read better fantasy book cruel prince master piece honestly nothing say quite weird love seeing actual worldbuilding characters complex dynamics nonromantic politics mention enemies lovers parts little way better books main plot cruel prince simply everything everything peak,youtube,Positive,genre_preference,prefer fantasy over romance,0.7
friend tell cruel prince average like im sorry cardan didnt burn let world burn entire plot doesnt revolve around romance romance main theme personally loved ending first book bc stan jude cardan thing hated decided make taryn good end gave amazing ending,youtube,Negative,genre_preference,dislike romance focus,0.7
performance clear easy follow come back watch,youtube,Positive,platform_experience,easy to follow,0.7
im wicked king nowww,youtube,Positive,general_reading,enjoyed the book,0.7
really didnt like still continued series finished second one started third cant finish slow,youtube,Negative,story_quality,slow pace,0.7
im romance lover honestly didnt like book confused whole time like clue happening,youtube,Negative,story_quality,confusing plot,0.7
exactly felt like one thankfully series gets beter progress,youtube,Positive,story_quality,progress gets better,0.7
fr bcz mid,youtube,Negative,platform_experience,frustrating experience,0.7
loved world relationship agree hate pos traitor know know read,youtube,Positive,general_reading,general enjoyment,0.7
personally dont like first book like second one though thinking dnfing third im inside world lot descriptions scratching head hiearchy anything well defined,youtube,Negative,genre_preference,not liking first book,0.7
personally loved loved loved first book,youtube,Positive,general_reading,loved first book,0.7
cruel prince masterpiece want romance dont want politics anything yeah youll find boring,youtube,Negative,genre_preference,not enough romance,0.7
yo book confusing dont get,youtube,Negative,story_quality,confusing story,0.7
tbh reaction still read whole seriesdefinitely worth one favourite seriess,youtube,Positive,general_reading,enjoyed the series,0.7
hate cardan finished wicked king could jude,youtube,Negative,genre_preference,dislike specific series,0.7
read whole series fav,youtube,Positive,genre_preference,read whole series,0.7
tell read romancesmut without telling read romancesmut,youtube,Neutral,genre_preference,genre selection,0.7
im huge romance fan im real tell would lobe book series much cardan wasnt love much cardan,youtube,Positive,genre_preference,romance book preference,0.7
im reading rn meh,youtube,Neutral,general_reading,current reading experience,0.7
didnt like book finished entire series cause didnt want dnf didnt like,youtube,Negative,genre_preference,didn't finish series,0.7
uhm shes reading back pages,youtube,Positive,story_quality,engaging storyline,0.7
reason dropped constant bullying like felt awful main character constantly treated lowkey enough,youtube,Negative,story_quality,bullying in story,0.7
thats basically felt didnt get rest series,youtube,Negative,genre_preference,missing series,0.7
pleaseee upon broken hearttttt,youtube,Neutral,general_reading,emotional impact,0.7
cruel prince literally favorite series time,youtube,Positive,genre_preference,favorite series,0.7
finished reading cruel prince honest really bored till end,youtube,Negative,story_quality,boring story,0.7
actually sooo accurate,youtube,Positive,general_reading,accurate storytelling,0.7
orderd,youtube,Neutral,platform_experience,ordering process,0.7
ok rest series gooood,youtube,Positive,general_reading,enjoyed rest series,0.7
love series queen nothing absolute favorite im reading king elfhame learned hate stories sooo good,youtube,Positive,general_reading,favorite series,0.7
super fast,youtube,Positive,platform_experience,fast delivery,0.7
politics played really well even like sequels,youtube,Positive,genre_preference,liked politics genre,0.7
powerless series,youtube,Positive,genre_preference,series preference,0.7
got invested page,youtube,Positive,story_quality,engaging storyline,0.7
read books trust gets better opinion,youtube,Positive,author_opinion,trust in author opinion,0.7
read literally like video,youtube,Positive,general_reading,unconventional reading experience,0.7
im big romantasyromance reader everyone says second book romance im giving series chance plus seems really interesting good way get comfort zone,youtube,Positive,genre_preference,romance reader,0.7
basically said bad cute review,youtube,Neutral,general_reading,author opinion,0.7
god mother actually knows holly black taking see authors free,youtube,Neutral,author_opinion,author credibility,0.7
pleaseeee better movies love tho,youtube,Positive,genre_preference,prefer movies over books,0.7
fr finished one half page kissed,youtube,Negative,story_quality,confusing plot,0.7
friend herelook asked recs hating cardan friend constantly going nooooooo wait iiiiiiiiiit,youtube,Positive,general_reading,excited about series,0.7
nice know booktuber whos also fan book read whole thing parts good overall gave opinion much different everyone elses word shouldnt taken seriously,youtube,Positive,author_opinion,trustworthy opinion,0.7
well one best books book tok im big romance fan,youtube,Positive,genre_preference,romance fan,0.7
dude exact reaction reading,youtube,Neutral,general_reading,no specific issue,0.7
cruel prince enough though kissing scenes nothing,youtube,Negative,genre_preference,kissing scenes too much,0.7
pretty much experience rest books way better,youtube,Negative,platform_experience,overall experience,0.7
stop watching channel,youtube,Negative,platform_experience,confusing navigation,0.7
bro personally think rated dont come yall opinion,youtube,Negative,author_opinion,don't come to yall,0.7
ive started read book like times keep giving lol even isnt much romance keep getting bored,youtube,Negative,genre_preference,not enough romance,0.7
live super fast reviews,youtube,Positive,platform_experience,fast reviews,0.7
nooooooooo bought whole series,youtube,Negative,genre_preference,bought whole series,0.7
hot take hated fmc,youtube,Negative,platform_experience,fmc dislike,0.7
looking forward reactions next two books even dont like guess,youtube,Positive,genre_preference,looking forward to reactions,0.7
swear people whore hating mad romanceheavy actually good plot politics intriguing,youtube,Negative,genre_preference,romance heavy,0.7
pls fourth wing,youtube,Negative,platform_experience,confusing interface,0.7
aimees asmr,youtube,Positive,genre_preference,ASMR genre,0.7
read okay like average nothing special,youtube,Neutral,general_reading,average reading experience,0.7
gurl know giggled,youtube,Neutral,general_reading,no specific issue,0.7
trilogy please read also witched king queen nothing,youtube,Positive,genre_preference,recommend more fantasy,0.7
cruel prince actual masterpiece,youtube,Positive,story_quality,actual masterpiece,0.7
three chapters left im part jude kisses cardan first time finally starting get along theres three chapters left im scared,youtube,Positive,story_quality,engaging plot twist,0.7
im reading one last pages arent wrong far im disliking,youtube,Negative,story_quality,disliking the story,0.7
thats cant cardan right im like okay,youtube,Negative,platform_experience,confusing user interface,0.7
yeah didnt like book,youtube,Negative,general_reading,dislike of book,0.7
first book super mid please read next two books theyre good,youtube,Neutral,general_reading,mixed book quality,0.7
cruel prince agree wait read wicked king,youtube,Positive,general_reading,book recommendation,0.7
hi would like react book always,youtube,Positive,genre_preference,react book,0.7
cant like cruel prince sorry like im torturing cuz boringi tried giving lot chances still cant complete,youtube,Negative,story_quality,boring story,0.7
first book bad gave stars series gets better along way overhyped,youtube,Negative,genre_preference,initial book disappointment,0.7
couldnt even finish reading cruel prince dont know ill motivation read rest series maybe ill give try,youtube,Negative,story_quality,lack of motivation,0.7
first book something else im currently rereading actually rest series goes gets better hope love wicked king queen nothing,youtube,Neutral,general_reading,mixed reading experience,0.7
hii fast book review betting lynn painter thats okay,youtube,Neutral,general_reading,mixed opinion,0.7
think know smiled second,youtube,Neutral,general_reading,no specific issue,0.7
hmmmm interesting,youtube,Neutral,general_reading,general opinion,0.7
pls fourth wing next would love see opinion,youtube,Neutral,general_reading,no specific issue,0.7
cruel prince amazing people looking romance going heavy fantasypolitical fantasy based book subplot romance wont everyone personally one best series ive read,youtube,Positive,genre_preference,fantasy romance,0.7
sis read third book plsss good quotess luv ur vidss,youtube,Positive,general_reading,enjoyed reading,0.7
one talking cute,youtube,Positive,genre_preference,cute story,0.7
read second one best one three opinion,youtube,Neutral,general_reading,mixed reading experience,0.7
finally found aimee whos like srsly cruel prince overhyped,youtube,Negative,genre_preference,dislike cruel prince,0.7
maybe unpopular opinon cant get interested enough jude plot get romance even love slow burn ive tried read twice cant get hooked find narrative style simple cant imagine anything whereas normally imagine scenes easily,youtube,Negative,story_quality,unengaging narrative style,0.7
piensa que es fantasia romantica sin mas su trama principal es poltica,youtube,Negative,genre_preference,not fantasy romance,0.7
libra,youtube,Negative,platform_experience,confusing interface,0.7
naurrr tcp amazing like consider everything cardan mean like bros trauma wild judes traumatised gotta see help ahfaufhauhf jurdan life literally cardan amazing also pinterest,youtube,Neutral,general_reading,no specific issue,0.7
yo guys also felt way lyk whats hype second book last dedication heart wrenching,youtube,Positive,story_quality,heart wrenching story,0.7
bro many book need read two shatter books,youtube,Neutral,genre_preference,many books to read,0.7
didnt like cruel prince either tired like hard cant,youtube,Negative,genre_preference,dislike specific book,0.7
yeah even always thought overhypedcan inheritence games please,youtube,Negative,genre_preference,overhyped genre,0.7
compared rest series book really sucked wicked king queen nothing definitely favourite reads,youtube,Negative,genre_preference,dislike of series,0.7
love channel type review,youtube,Positive,platform_experience,channel type review,0.7
love cruel prince everyone like ok,youtube,Positive,general_reading,enjoyed the book,0.7
aimee sis didnt expected cruel prince turn way seriously overhyped,youtube,Negative,genre_preference,overhyped book,0.7
yeah youre right read whike ago liked eorth hype realyy anyways love videos,youtube,Neutral,general_reading,no specific aspect,0.7
fiction,youtube,Neutral,genre_preference,fiction preference,0.7
namechhava year publication,youtube,Neutral,genre_preference,year publication,0.7
lihaycha,youtube,Neutral,general_reading,no specific issue,0.7
chhatrapati sambhaji maharajas lihayla pahije hott,youtube,Neutral,general_reading,book recommendation,0.7
language hindi pahije,youtube,Negative,genre_preference,hindi language preference,0.7
enough marks add extra points,youtube,Neutral,platform_experience,marks and points system,0.7
itna hi likhna h,youtube,Negative,general_reading,too much writing,0.7
th class exam likhengee pure mark milege naa,youtube,Negative,general_reading,exam preparation,0.7
published date wrong,youtube,Negative,delivery,wrong published date,0.7
published date galat hai nahi hai,youtube,Negative,delivery,wrong published date,0.7
th class ke exam likh sakte hai kya,youtube,Neutral,general_reading,can write exams,0.7
summary characters opinion asked,youtube,Negative,general_reading,summary unclear,0.7
u r life savior,youtube,Positive,platform_experience,good service,0.7
thanks bro best,youtube,Positive,platform_experience,good service,0.7
hurt ewest book ever,youtube,Negative,story_quality,bad book,0.7
obv haunting adeline romancing stalker crazy,youtube,Neutral,genre_preference,romance genre,0.7
omg got scared thumbnail like ice breaker,youtube,Positive,platform_experience,engaging thumbnail,0.7
books like poorly written dead dove fics,youtube,Negative,genre_preference,poorly written fics,0.7
lucia franco shit,youtube,Negative,general_reading,author_opinion,0.7
grandma fucking whole series shades grey read multiple times dont blame tbh,youtube,Positive,general_reading,favorite book series,0.7
bro icebreaker awesome,youtube,Positive,general_reading,book enjoyment,0.7
credence almost puked reading one,youtube,Negative,story_quality,disgusting content,0.7
women wrote books thats sad part,youtube,Negative,author_opinion,women authors underrepresented,0.7
neighbour stole christmas,youtube,Neutral,general_reading,unrelated to platform,0.7
dont get people like colleen hoover books,youtube,Negative,genre_preference,specific author preference,0.7
need hate silveras deathcast series ive mental breakdowns cant stop reading,youtube,Negative,genre_preference,specific series,0.7
hamletcuz hes total asshole everyonehe needs psychiatrist deserves killed end worst book shakespeare,youtube,Negative,author_opinion,dislike of author,0.7
outsiders sucks,youtube,Negative,genre_preference,dislike specific book,0.7
maybe dont read girl porn pick actual book,youtube,Negative,genre_preference,genre not preferred,0.7
wayward bus john steinbeck,youtube,Positive,genre_preference,classic novel recommendation,0.7
way present clear easy follow learned lot,youtube,Positive,general_reading,easy to follow,0.7
friends mom colleen hoover book,youtube,Neutral,genre_preference,specific author preference,0.7
cinnamon bun bookstore sounds cute cute p friend stopped reading im glad,youtube,Negative,general_reading,friend stopped reading,0.7
know read thanks also started become bookworm tell read thats also affordable thanks,youtube,Positive,general_reading,become a bookworm,0.7
pretty much romance romantasy section poorly written slop,youtube,Negative,genre_preference,poorly written romance,0.7
clickbait thumbnail worked bc far way worse books poor icebreaker,youtube,Negative,general_reading,poor book selection,0.7
boy best friends nickname bj first name started b last name started j one rudest fakest friends ever made cry many time stupid friends im glad arent friends anymore kind hangs every girl sees,youtube,Negative,general_reading,bad reading experience,0.7
book icebreakers ive never read good bad,youtube,Neutral,genre_preference,no preference given,0.7
words hauntingadeline many reasons havent even read book want take grain salt overall awful book awful plot quite literally glamorizes stalking saif want read smut js read smut pls stop trying make seem like high literature,youtube,Negative,story_quality,poor plot and smut,0.7
haunting adeline tf sa romanticized,youtube,Neutral,genre_preference,romanticized genre,0.7
maybe normies havent heard books minus fifty shades dont know half worked barnes noble years,youtube,Neutral,general_reading,book recommendations,0.7
hopeless romantic stick romantasy sometimes dark romance scares like whats appeal stomach,youtube,Neutral,genre_preference,dark romance appeal,0.7
end im interested,youtube,Neutral,general_reading,interested in reading,0.7
lets banish hoover realm shadows dark forest good,youtube,Positive,genre_preference,liked fantasy genre,0.7
getting short right antibook banning short god damn funny,youtube,Positive,general_reading,funny book,0.7
book cheating age gap one teenager middle age dont understand even get published,youtube,Negative,genre_preference,uncomfortable reading material,0.7
haunting adeline,youtube,Positive,genre_preference,favorite romance novel,0.7
laughed sons big balls absolute fuck cooking bro,youtube,Positive,general_reading,enjoyed reading experience,0.7
bro much hate like back stop worrying books start worrying whitening eyebrows,youtube,Negative,platform_experience,confusing user interface,0.7
kinda get people would rate gymnastics one stars telling dark side gymnastics glorifying fuck,youtube,Negative,general_reading,glorifying content,0.7
gymnasts sister reason gymnastics people protective gymnasts right,youtube,Neutral,general_reading,no clear issue,0.7
theres big difference guilty pleasures something never made content terrible,youtube,Positive,genre_preference,guilty pleasures genre,0.7
every book smut needs hate,youtube,Negative,genre_preference,smut genre preference,0.7
isnt kind like hating adult movies,youtube,Negative,genre_preference,adult movie preference,0.7
ass burped,youtube,Neutral,general_reading,incoherent review,0.7
love content please come new stuff criticize people every time love videos always bring topics want still argument need find actual reasons instead repeating thing,youtube,Positive,general_reading,critical thinking,0.7
fact lot romance books shelves walmart,youtube,Neutral,general_reading,no specific issue,0.7
keep making avoid peoples bad suggestions,youtube,Negative,platform_experience,bad suggestions,0.7
wild,youtube,Neutral,general_reading,no specific feedback,0.7
book claims fight racism actually perpetuating,youtube,Negative,author_opinion,racism portrayal,0.7
may get hate entirety shatter series course single book made pretty okay love interest irredeemable loser made obsessive psychopathic villain sexually harrassed even assaulted mc lovable guy wrong gave weak excuses every single thing wrong point wasnt even anything redeem convenient excuse everything torturing child hologram killing someone abusive holding mc prisoner sexually harassing one point pinning wall kissing oh theyre actually love neither remember made mad series popular,youtube,Negative,story_quality,poor character development,0.7
people portraying women stalkerabusers cute dommy mommy,youtube,Negative,general_reading,problematic portrayal,0.7
imma stick diary wimpy kid thank,youtube,Positive,genre_preference,favorite book series,0.7
know crime punishment raskinakov literally murders someone ban dostoyevsky,youtube,Neutral,general_reading,no specific issue,0.7
whole dark romance shit gotta stop normalizing abuse sa rpe etc theres reason man breaking house killing guy flirts considered hot attractive,youtube,Negative,genre_preference,dark romance problematic,0.7
hys everyone readin kinda stuff cant read freaky alien sex ghost stufff written koji suzuki instead,youtube,Negative,genre_preference,not interested in genre,0.7
genuinely curious yall feel vc andrews im asking genuinely themes line books others shown however maybe never felt like romanticized like stark portrayal actually chilling maybe thats,youtube,Neutral,author_opinion,author portrayal,0.7
tipical woman fantasy aboutyoure tipical,youtube,Negative,genre_preference,not typical enough,0.7
havent read depends book praising types relationships like ts gross dont looks gymnastics one praising relationship gross gross gross,youtube,Negative,story_quality,poor writing quality,0.7
powerless first plagiarism second characters development supposed enemies lovers,youtube,Negative,story_quality,poor character development,0.7
worst problem shades christian bad bed like clearly bad bdsm bed,youtube,Negative,story_quality,bad writing style,0.7
someone doesnt like magnolia parks im seated,youtube,Neutral,general_reading,no specific issue,0.7
crave series child abuse survivor handled horribly,youtube,Negative,genre_preference,inappropriate content,0.7
thank pointing many books today dangerous gross glamourize kinds sin,youtube,Negative,general_reading,concerns about content,0.7
twisted love deserves major hate,youtube,Negative,genre_preference,genre dislike,0.7
tell checked balanced good reads majority ratings stars,youtube,Positive,platform_experience,good platform experience,0.7
twilight need hate twilight harry potter,youtube,Negative,genre_preference,dislike specific genre,0.7
blowie advertized childrens books show childrens childrens books sx animals dolphins whales animals sxual intent blowie two main character sx dolphin shore father brings back ocean without even knowing son poor dolphin,youtube,Negative,general_reading,incoherent writing style,0.7
collen hoover needs real help,youtube,Negative,author_opinion,author criticism,0.7
haunting adeline idc popular many people like omfg sooo hawt get man like absolutely someone enjoys dark romance bdsm book glorifies rape love sexy rape,youtube,Positive,genre_preference,dark romance preference,0.7
know book entire series riverdale,youtube,Neutral,general_reading,book recommendation,0.7
yeeeeees im glad people like brain actually,youtube,Positive,general_reading,author popularity,0.7
haunting adeline like,youtube,Positive,general_reading,enjoyed the book,0.7
much dont really like person agree books,youtube,Negative,general_reading,dislike reading,0.7
im sorry old girl gets old guy least realize calls reports police something,youtube,Neutral,general_reading,confusing text,0.7
living fifty shades slander,youtube,Negative,author_opinion,negative author review,0.7
oh shoot mums fav author colleen hoover,youtube,Positive,author_opinion,author preference,0.7
hate books promostes rape sa dont care hot psossevie good heart rape victim undertsnads hard read book,youtube,Negative,genre_preference,rape content,0.7
mom loves colleen hoover haunting adeline literally defends life along lot dark romance books words well wasnt rape well age doesnt matter magical world uttered one many times damn mouth sanity still intact,youtube,Positive,genre_preference,dark romance,0.7
one read called running scissors absolutely insane sooo inappropriate,youtube,Negative,genre_preference,inappropriate content,0.7
verity fast read horrible book,youtube,Negative,story_quality,horrible book,0.7
spicy book thats designed cartoony covers make look like kids book stop,youtube,Negative,genre_preference,not spicy enough,0.7
guys ima honest dont care authors half time ill read books,youtube,Negative,genre_preference,don't care about authors,0.7
balance banned really criticized heavily,youtube,Negative,platform_experience,balance banned,0.7
started getting annoyed books minute husband middle school english teacher came home told one young female students reading icebreaker class mom didnt care student question new smut reading school every week likely mothers collection tiktok social media influencing kids read books school already problems arose books became severe kids arent allowed bring books school want read something check school library students caught literally acting scenes books school abusing friend bfgf want like characters books reading husband literally thinking quitting job cant stand anymore incidents tip iceberg especially tiktok challenge getting hand kids suspend another kid yesterday knockout challenge need stop putting books covers make also look like ya middle grade section need stop pushing children need stop romanticizing abuse sa needs shelved appropriately children shouldnt even allowed buy card explicit video games movies even music dont care adults read long arent acting like idiots treating content like positive reading comprehension media literacy toilet need start protecting kids garbage stupid lazy cartoony covers making things worse theres reason covers different books used looks certain way could usually tell looking kind book geared towards cant anymore kids suffering,youtube,Negative,general_reading,influence on kids,0.7
ill stick mobydick,youtube,Positive,genre_preference,favorite classic novel,0.7
im glad people giving shades grey shade feel like book started glorifying sexual abuse get woman empowerment finding kink grey sexually abused child transfered trauma woman life thats ok idk book like give ick,youtube,Negative,genre_preference,problem with kink genre,0.7
quicksilver isnt hated enough ill die hill,youtube,Positive,general_reading,strong emotional connection,0.7
pls tell laughing sons bouncy balls,youtube,Neutral,general_reading,no specific issue,0.7
stick gay romance novels lol,youtube,Positive,genre_preference,gay romance novels,0.7
haunting adeline literally sa,youtube,Positive,general_reading,enjoyed the book,0.7
im sorry like ur videos like either ur hating books especially colleen hoover dont blame u ur grabbing new book,youtube,Negative,author_opinion,dislike of author,0.7
heres thought know dont read book dont like maybe start campaign get banned offend sensibilities,youtube,Negative,general_reading,don't read book,0.7
unpopular opinion mine weird age gaps cant even legal fmc mmc knew love interest childhood,youtube,Negative,genre_preference,unconventional love interests,0.7
miss love romance wasnt really want get pants alas thats chapter like get may lust seriously want romance thats meet cute silly little dates healthy relationships something adorable,youtube,Negative,genre_preference,not enough romance,0.7
ppl dont read well duhh im reading romance annoying days cant find anything without often weirdly placed sex scene infuriating like im thinking digging classical fiction stay kids books sex dont make youre book cooler okay abuse toxicity glamorized even coping method unhealthy one genuinely dont blame people age prefer tv shows video games books much shit market high demand meanwhile actually good things dont get published big publishers looking makes customer happy apparently makes customer happy absolutely shit,youtube,Neutral,general_reading,failed,0.7
haunting adeline sexual abuse harrasment murder everything wrong book dont even make mention second one nightmare,youtube,Negative,story_quality,disturbing content,0.7
also normalize allowed hate acotar books,youtube,Negative,genre_preference,allowed hate content,0.7
enjoyed ends us,youtube,Positive,general_reading,enjoyed the book,0.7
honestly think people kinks n shouldnt kink shame anything either unconsenting involving minors weird fifty shades grey movie js cringe omfg,youtube,Negative,general_reading,dislike certain themes,0.7
summer turned pretty,youtube,Neutral,general_reading,summer reading,0.7
please help nothing yet story end,youtube,Negative,story_quality,unsatisfying story,0.7
normal people deserves hype tho,youtube,Positive,general_reading,normal people deserves hype,0.7
tree grows brooklyn good reread last year man could never get break could,youtube,Positive,general_reading,enjoyed rereading book,0.7
subscribed agree good taste,youtube,Positive,platform_experience,good taste,0.7
normal people divisive book literally people either love hate never middle ground,youtube,Negative,genre_preference,divisive book,0.7
betrayal allison roberts really good mystery novel hint romance,youtube,Positive,genre_preference,mystery novel,0.7
dont play boys ive loved,youtube,Neutral,general_reading,emotional impact,0.7
love hypothethesis tbr since came,youtube,Positive,general_reading,tbr since came,0.7
love hypothesis baby,youtube,Positive,general_reading,book recommendation,0.7
funny havent even seen overhyped books,youtube,Negative,genre_preference,overhyped books,0.7
lesson dying caused think subsequently change beliefs stayed decades,youtube,Negative,general_reading,confusing writing style,0.7
trying get subscribers comments small book channel,youtube,Negative,platform_experience,difficult subscription process,0.7
literally single one books dont receive enough attention list unpopular shape form thats mention violently different genres target groups youre trying compare,youtube,Negative,genre_preference,unpopular genres ignored,0.7
heard american marriage good ive seen ap lit exams,youtube,Positive,general_reading,book recommendation,0.7
boys ive loved overhyped,youtube,Negative,genre_preference,overhyped,0.7
almost read earth briefly gorgeous school project ended time looks like ill go back,youtube,Neutral,general_reading,not finished reading,0.7
lesson dying one favorite book,youtube,Positive,general_reading,favorite book,0.7
anyone doesnt know music accompanying video pretty much best love emotions monster hit back radio dancefloors,youtube,Neutral,general_reading,no specific aspect,0.7
big swiss fantastic introduction jen beagins writing fabulous,youtube,Positive,general_reading,enjoyable reading experience,0.7
little life definitely slept everyone talking,youtube,Neutral,general_reading,book impact,0.7
america marriage made pause question life several times,youtube,Neutral,general_reading,thought-provoking themes,0.7
big swiss mentioned,youtube,Neutral,author_opinion,author mention,0.7
oh thrifted american marriage im excited read unhoneymooners click,youtube,Positive,general_reading,excited to read,0.7
finally short doesnt contain upon broken heart powerless fourth wing,youtube,Negative,story_quality,poor writing,0.7
slept unwind,youtube,Positive,general_reading,relaxing reading experience,0.7
finally someone didnt like beach read either,youtube,Negative,genre_preference,dislike beach read,0.7
oh loved lucky ones good,youtube,Positive,general_reading,loved the book,0.7
thank didnt like midnight library wasnt good people told,youtube,Negative,genre_preference,midnight library not good,0.7
every summer beach read great books dont say books overhyper opinion,youtube,Positive,general_reading,great summer reads,0.7
normal people worst book ive ever read,youtube,Negative,story_quality,bad book choice,0.7
read tree grows brooklyn freshman year honors english american marriage gets mixed reviews love,youtube,Neutral,general_reading,mixed reviews,0.7
tree grows brooklyn slepton incredibly famous classic,youtube,Neutral,general_reading,book recommendation,0.7
anyone else reading bible lately jesus loves yall,youtube,Neutral,general_reading,current reading interest,0.7
thats slept girl thoes books pretty popular many clasic bestselling theyre maybe tiktok popular genre,youtube,Positive,genre_preference,popular genre selection,0.7
yes romance fan either would please consider another themes would love see one thanks,youtube,Positive,genre_preference,consider other themes,0.7
gurl every summer lit,youtube,Positive,genre_preference,summer lit preference,0.7
dont understand unhoneymooners criticism fun,youtube,Negative,author_opinion,unhoneymooners criticism,0.7
slept books nyt best sellers lol video meeeeaaan,youtube,Neutral,general_reading,no specific issue,0.7
loved midnight library,youtube,Positive,platform_experience,enjoyable experience,0.7
whaaaat loved normal people actually barely heard,youtube,Positive,general_reading,loved the book,0.7
midnigjt library good idea dont like,youtube,Neutral,general_reading,failed,0.7
earth soooo good,youtube,Positive,general_reading,enjoyed the book,0.7
omg love boys ive loved thoughhh,youtube,Positive,genre_preference,romance genre,0.7
might late anyone reply anyone else think alchemist series michael scott underrated like ones heard everyone recommend ends loving,youtube,Neutral,general_reading,author_opinion,0.7
tatbilb good tho,youtube,Positive,general_reading,enjoyable reading experience,0.7
say boys loved befire overhyped could put book two days straight laughed cried screamed,youtube,Positive,story_quality,engaging story,0.7
thanks sharing always love good book recommendations,youtube,Positive,platform_experience,good book recommendations,0.7
way mouth dropped saw boys ive loved hyped pile like thats favorite book ive red,youtube,Positive,general_reading,favorite book,0.7
tree grows brooklyn slept pretty popular book actually many best sellers,youtube,Positive,general_reading,popular book,0.7
thank fine choices also novel assunta writer named greco modernday variant epic th century poem divine comedy three books oneinferno purgatorio paradiso forceful love story trip hell heavy depravity slaughtermy cup tea dystopianhorrorsci fi die,youtube,Neutral,general_reading,mixed reading experience,0.7
yesss,youtube,Positive,general_reading,general enthusiasm,0.7
hi everyone im absolutely passionate reading getting lost storiesbooks unfortunately buying new books isnt always feasible books gathering dust shelves youd willing share id incredibly grateful donations would mean world fuel love reading whether novels nonfiction anything id love give new home thanks much advance considering,youtube,Positive,general_reading,love reading stories,0.7
heres book isnt talked enough ophis gambit really good,youtube,Positive,genre_preference,book recommendation,0.7
boys loved felt derserved right amount praise,youtube,Positive,general_reading,enjoyed reading experience,0.7
piece worki would like share maybe helpful one way another based music spirituality,youtube,Neutral,general_reading,no specific issue,0.7
tree grows brooklyn mention favorite book little kid bought new copy adulthood reread couple years ago still really enjoyed,youtube,Positive,general_reading,favorite book,0.7
ones overhyped opinion opinion better designed probably better marketing well look cover attractive would pick least read says back ones probably wouldnt yes shouldnt judge book cover still,youtube,Negative,platform_experience,overhyped opinion,0.7
lala,youtube,Neutral,general_reading,no specific issue,0.7
hurt said boys ive loved overhyped buts opinion,youtube,Negative,author_opinion,overhyped opinion,0.7
loved midnight library overhyped husbands evelyn hugo,youtube,Negative,genre_preference,overhyped husbands,0.7
parable sower great,youtube,Positive,general_reading,enjoyable book,0.7
couldnt get love hypothesis,youtube,Negative,platform_experience,book availability,0.7
put boys loved diabolical know opinion,youtube,Neutral,author_opinion,author's opinion unclear,0.7
boys ive loved iconic,youtube,Neutral,general_reading,boys ive loved iconic,0.7
good,youtube,Positive,general_reading,overall opinion,0.7
adding read list,youtube,Neutral,platform_experience,adding to read list,0.7
covers look boring guys wings shadow powers arrogant personality burn solar system keep warm,youtube,Negative,story_quality,dislike arrogant character,0.7
yes agree,youtube,Neutral,platform_experience,general agreement,0.7
agree feel like everyone hyped earth briefly gorgeous dont think underrated,youtube,Negative,author_opinion,overhyped opinion,0.7
loved every overhyped book u mentioned,youtube,Positive,genre_preference,overhyped books,0.7
big swiss,youtube,Neutral,genre_preference,specific genre,0.7
sword forge michael bell,youtube,Neutral,author_opinion,author recommendation,0.7
normal people,youtube,Neutral,general_reading,normal people,0.7
edge extinction demon road r hyped,youtube,Positive,genre_preference,excited about genre,0.7
good read may suggest googling reviews black bottle man,youtube,Positive,general_reading,good read,0.7
american marriage incredible,youtube,Positive,story_quality,incredible story,0.7
hunger games underrated,youtube,Neutral,author_opinion,author opinion,0.7
girlllwhyyy midnight library changed whole lifeeee literally,youtube,Positive,platform_experience,positive change,0.7
thanks book recs comfort zone im fantasy reader want get genres,youtube,Positive,genre_preference,book recs,0.7
loved collection,youtube,Positive,general_reading,loved collection,0.7
soooo pretending like tree grows brooklyn considered extremely onfluential book thats part schools curriculums,youtube,Positive,general_reading,influential book,0.7
literally finished tree grows brooklyn today hyped see video nobody ever talks hands one best novels ive ever read,youtube,Positive,general_reading,best novel ever,0.7
check leonas blues new upcoming author katina roebuck came yesterday available everywhere books sold disappoint,youtube,Negative,author_opinion,disappointing new author,0.7
heres another underhyped book one pale summer debra phillips,youtube,Positive,general_reading,book recommendation,0.7
boys loved iss ssoo good talking,youtube,Positive,general_reading,enjoyed by children,0.7
earth briefly gorgeous definitely talked enough,youtube,Positive,general_reading,enjoyed the book,0.7
love parable sower im looking forward reading american marriage book,youtube,Positive,genre_preference,favorite Christian fiction,0.7
khalilahd hello review novel thank consideration,youtube,Neutral,general_reading,no specific issue,0.7
never heard overhyped books,youtube,Negative,genre_preference,overhyped books,0.7
normal people waste time sally rooney good writer use quotation marks sis,youtube,Neutral,general_reading,author_opinion,0.7
sorry calling octavia butler slept earth briefly gorgeous fucking tree grows brooklyn american classic novel tree grows brooklyn sleeping room us,youtube,Positive,general_reading,favorite author mentioned,0.7
honestly feel like heartless hunter really underrated loved iit still cant get good,youtube,Positive,genre_preference,underrated book,0.7
anyones wandering book court wings ruins acowar,youtube,Negative,general_reading,incoherent writing,0.7
tree grows brooklyn mentioneddd,youtube,Neutral,general_reading,no specific issue,0.7
yk book completely hyped donna hosie one best books ive ever read dont see anywhere,youtube,Positive,genre_preference,book recommendation,0.7
love hypothesis actually fav read read deep end think one alis best,youtube,Positive,general_reading,favorite book,0.7
warhammer book heresy spot red rising,youtube,Neutral,genre_preference,specific book request,0.7
think gosling sleepy weird face making want read phm,youtube,Positive,general_reading,enjoying reading experience,0.7
reminder,youtube,Neutral,platform_experience,reminder needed,0.7
hot take red rising mid,youtube,Neutral,genre_preference,specific book request,0.7
dark matter,youtube,Negative,genre_preference,genre not available,0.7
whoooaaaa watch boy brandon sanderson,youtube,Positive,author_opinion,author praise,0.7
dungeon crawler carl audible fantastic,youtube,Positive,genre_preference,fantastic dungeon crawler,0.7
ummmwhats book bro isnt black library warhammer k novelseries entire horus heresy catalog required reading book bro needs corrected asap dude,youtube,Negative,genre_preference,incorrect book selection,0.7
project hail mary good,youtube,Positive,genre_preference,liked science fiction,0.7
never read,youtube,Negative,general_reading,no interest,0.7
started reading months ago yes one must stop first book red rising idd project hail mary joy read still need read many dungeon crawler carl im addicted piranesi got hopes way much expecting something different bad book didnt click,youtube,Negative,story_quality,bad book didnt click,0.7
oh wow ok gotta get book broness going thank god,youtube,Positive,platform_experience,positive response,0.7
hail mary awful,youtube,Negative,general_reading,unspecified criticism,0.7
ngl thought first book slapped loved medieval setting simple task futuristic world,youtube,Positive,genre_preference,liked medieval setting,0.7
books listed lockexcept piranesi,youtube,Negative,platform_experience,inconsistent search results,0.7
read tales gotrek felix unbeatable fantasy imo theyre part warhammer universe,youtube,Positive,genre_preference,fantasy genre,0.7
bro outsiders requirement,youtube,Neutral,general_reading,bro outsiders requirement,0.7
love enthusiasm keep posting,youtube,Positive,platform_experience,author enthusiasm,0.7
death dervish mesa selimovic,youtube,Neutral,genre_preference,specific book request,0.7
great commentary lol,youtube,Positive,general_reading,enjoyable reading experience,0.7
dont skip reading dungeon crawler carl audiobook good read listen audiobook treat done one series,youtube,Positive,genre_preference,dungeon crawler genre,0.7
insulted validated,youtube,Neutral,general_reading,insulted validated,0.7
bible number one,youtube,Positive,general_reading,highly recommended,0.7
starts ya hunger games knockoffsyikes,youtube,Negative,story_quality,unoriginal story,0.7
best served cold,youtube,Neutral,general_reading,reading preference,0.7
hot take thought red rising kinda mid,youtube,Negative,genre_preference,mid quality series,0.7
hey im currently reading real impact daily inspiration truly youre looking true stories inspiring poems motivational quotes one book collected wrote book let know want copy,youtube,Positive,general_reading,inspiring daily reading,0.7
got light bringer fr means says full ssries,youtube,Neutral,platform_experience,confusing interface,0.7
red rising day still best series ive read im waiting something top stopped rd book th book goes multiple viewpoints wasnt vibing darrow eff lol,youtube,Negative,genre_preference,multiple viewpoints,0.7
book kind meh need get second book advice would take move book dont time patience pages world building,youtube,Negative,platform_experience,confusing navigation,0.7
please dont eat dog mandy tsoi hallam extremely eye opening life changing experience must read,youtube,Positive,general_reading,life changing experience,0.7
qualify read,youtube,Neutral,general_reading,qualify read,0.7
zero conspiracy books even book bro,youtube,Negative,genre_preference,lack of genre options,0.7
like harry potter dune,youtube,Positive,genre_preference,specific genre interest,0.7
never understand person read books rate red rising everybodys lists absolutely hated never bored book rare books punches wouldnt land red rising empty,youtube,Negative,genre_preference,not my preferred genre,0.7
read five agree completely deep one really read need another red rising many,youtube,Positive,general_reading,enjoyed the book,0.7
lol books,youtube,Neutral,general_reading,general enjoyment,0.7
ok call crazy golden son awesome actualllllyyyy liked red rising,youtube,Positive,genre_preference,liked sci-fi series,0.7
finished peranesi dont know gets much praise would really like someone respond settings cool theres goal first book decision made end makes sense character also really mystery second everythings said know everyone except reveal twords end context predict,youtube,Positive,general_reading,enjoyed the story,0.7
true funny lol,youtube,Positive,general_reading,entertaining read,0.7
brent weeks like way shadows,youtube,Positive,author_opinion,author preference,0.7
bookbroness ten times size watching clip adding books tbr list,youtube,Negative,platform_experience,confusing interface,0.7
today discovered book bro im woman,youtube,Neutral,general_reading,no clear issue,0.7
nextread longer human gf would love hear talk,youtube,Neutral,general_reading,no specific aspect,0.7
best book recommendations ill never read listened whole life,youtube,Positive,general_reading,book recommendations,0.7
finished project hail mary started dungeon crawler carli calledand red rising shelf read next,youtube,Neutral,general_reading,reading list,0.7
first red rising favorite tho,youtube,Positive,genre_preference,favorite book,0.7
book masterpieceabsolutely loved,youtube,Positive,general_reading,loved the book,0.7
recs good unironically enjoy marvels quippy dialogue,youtube,Positive,genre_preference,enjoy quippy dialogue,0.7
bro youre reading books teenagers,youtube,Negative,general_reading,reading age,0.7
fact book tok bro,youtube,Negative,general_reading,incomprehensible text,0.7
im reading war peace shogun brothers karamazov count,youtube,Neutral,general_reading,reading multiple books,0.7
thought mistborn book bro bible,youtube,Neutral,general_reading,book recommendation,0.7
book taste frighteningly similar mine,youtube,Negative,genre_preference,genre similarity,0.7
think rage dragons list lol great list except piranesi,youtube,Negative,genre_preference,missing favorite genre,0.7
im confused actually good books read bad book bro book bro,youtube,Neutral,general_reading,mixed reading experience,0.7
red rising boring,youtube,Negative,story_quality,boring story,0.7
hilariously catchy reasons read books worthy,youtube,Positive,general_reading,catchy reading reasons,0.7
enough read first two red rising books tbr stack,youtube,Neutral,general_reading,read more books,0.7
read books please dont call book vrp,youtube,Negative,platform_experience,confusing platform,0.7
replace many beware chicken casualfarmer,youtube,Neutral,general_reading,no specific issue,0.7
guess book brow,youtube,Negative,platform_experience,confusing interface,0.7
ive read none piranesi probably one likely read science fiction main genre red rising project hail mary havent really jumped secured spot among sf plan read tendency toward slightly older stuff,youtube,Negative,genre_preference,not enough sci-fi,0.7
dare disrespect brandon sanderson,youtube,Negative,author_opinion,disrespect towards author,0.7
part corner psyop people bros,youtube,Negative,general_reading,incoherent text,0.7
tolkien dostoyevsky dickens etc,youtube,Positive,genre_preference,classic literature,0.7
started last night stayed late frolicking good time clay,youtube,Positive,general_reading,enjoyed reading experience,0.7
love graybeard gen z identifies bad guys red risingespecially speech like full metal jacket realizing gunny animal mother heroes back day,youtube,Positive,genre_preference,favorite sci-fi series,0.7
yes except red rising,youtube,Positive,genre_preference,liked specific book,0.7
im book girl finished project hail mary goshhhh rocky adorable great book,youtube,Positive,general_reading,loved the book,0.7
feel personally attacked well except red rising,youtube,Negative,author_opinion,author's writing style,0.7
brandon sanderson shade lmaoo,youtube,Positive,author_opinion,author praise,0.7
guess im book bro read totally agree,youtube,Positive,general_reading,general agreement,0.7
red rising dope dont wait till second book,youtube,Positive,genre_preference,excited about series,0.7
red rising comment serious didnt like red rising much im willing give nd shot actually vouching,youtube,Neutral,general_reading,mixed opinion,0.7
soooooo im trying convince k loving fiance read ones recommend huh lol,youtube,Positive,general_reading,encouraging reading,0.7
red rising overrated imo,youtube,Negative,author_opinion,author opinion,0.7
feel attacked,youtube,Negative,platform_experience,feeling attacked,0.7
damn read except piranesi tbr guess im book bro without knowing,youtube,Positive,general_reading,enjoyed reading experience,0.7
robinson crusoe,youtube,Neutral,genre_preference,specific book request,0.7
list need,youtube,Negative,platform_experience,list navigation unclear,0.7
way kings,youtube,Neutral,genre_preference,way kings,0.7
bro read red rising piranesi year project hail mary list writers forth scififantasy novel documenting journey trying get published maybe well list sometime,youtube,Neutral,general_reading,reading list,0.7
wasnt expecting favorite booksseries listed,youtube,Negative,genre_preference,missing favorite series,0.7
well made case book must read might interested perusing,youtube,Positive,general_reading,highly recommended,0.7
would go following particular order red rising agree first book thoroughly mediocre damn series take amazing ways golden son et al butchers crossing never imagined western could done without cowboys native americans williams pulls spectacularly evocative nature descriptions ever read hobbit basically perfect book far concerned even one known works english language starship troopers heinlein perhaps best scifi author two generations novel cause ponder thoughts persons role obligations within society given much focus america least rights entitled think worth askwhat owe society book demand promise ann weisgarber kind love story gritty messy comes unideal strings attached might like well catherine wainwright forced circumstance accept marriage proposal former suitor leaves uppercrust early dayton oh makes way galveston new husband owns reasonably successful dairy farm set backdrop one devastating storms ever hit gulf coast,youtube,Neutral,general_reading,mixed opinions,0.7
damn dude like made list top books well minus piranesi decent nowhere near others imo,youtube,Negative,genre_preference,not a top book,0.7
got pgs many couldnt,youtube,Negative,story_quality,many pages couldn't,0.7
feel concerned fact recomended rising many friends fact caveat verbatim,youtube,Negative,platform_experience,confusing interface,0.7
fuck ive read,youtube,Neutral,general_reading,no specific issue,0.7
ive read except carl oops think blacktongue thief name wind well,youtube,Neutral,general_reading,mixed reading experience,0.7
sorry dnfd red rising series book great set pieces predictable plot guess qualify,youtube,Negative,story_quality,predictable plot,0.7
dang nailed head,youtube,Positive,general_reading,enjoyed the story,0.7
spot feels like im reading every rfantasy post repeating comments,youtube,Negative,genre_preference,repetitive content,0.7
need reread red rising something read praise remember liking im thinking maybe missed something didnt appreciate,youtube,Neutral,general_reading,reread desire,0.7
denigrating brandon sanderson also including ddc list also aint book bro havent read robin hobb,youtube,Negative,author_opinion,denigrating author,0.7
im probably target audience ill save anyway recommendations amazing,youtube,Positive,platform_experience,recommendations are amazing,0.7
im project hail mary wish could like writing good written like high school essay story interesting though,youtube,Neutral,story_quality,writing quality,0.7
bros subscribe,youtube,Neutral,platform_experience,subscription process,0.7
soooo havent read hey recently bought piranesi ill read right finish vinland saga,youtube,Neutral,general_reading,no mention of issue,0.7
ive read booki loved authors thriller books good,youtube,Positive,genre_preference,author's thriller books,0.7
didi cute,youtube,Positive,general_reading,book enjoyment,0.7
favourite author isnt,youtube,Negative,author_opinion,unfavourable opinion,0.7
also read book book wow,youtube,Positive,general_reading,enjoyed reading experience,0.7
love book read definitely,youtube,Positive,general_reading,enjoyed reading,0.7
spoiler girl name nora killed every women thought bad manipulating cheating amd father knew proud even mislead investigators,youtube,Negative,general_reading,spoiler alert,0.7
bro know devil disciple glenn meade kind kinda different plot twist crazyy,youtube,Positive,story_quality,different plot twist,0.7
read,youtube,Neutral,general_reading,no specific issue,0.7
im totally obsessed freida macfaddan books first ever book freida macfaddan reason read freida macfaddan lot books spoiler alert killer known people guys,youtube,Positive,general_reading,author_opinion,0.7
iss book par movie dekhi hain maine yehi story,youtube,Neutral,general_reading,story similarity,0.7
saw video ordered book think got scammed please tell bought book one got like pages many supposed please tell got purchase,youtube,Negative,delivery,late delivery,0.7
plot twist book mind blowing definitely read,youtube,Positive,story_quality,mind blowing plot twist,0.7
im currently reading book,youtube,Neutral,general_reading,currently reading,0.7
dadi please aap hindi banya karo video mujhe aapki video aachi lagati h par aap english banate ho,youtube,Negative,platform_experience,language preference,0.7
something like flicker dark stacy willingham,youtube,Neutral,general_reading,book recommendation,0.7
reads housemaids series freida became obsessed ordered books,youtube,Positive,genre_preference,favorite series,0.7
read book amazing,youtube,Positive,general_reading,book quality,0.7
prison prijon,youtube,Neutral,general_reading,no clear issue,0.7
based true story,youtube,Neutral,story_quality,based on true story,0.7
buy book,youtube,Neutral,platform_experience,purchase process,0.7
wth,youtube,Negative,platform_experience,confusing interface,0.7
please hindi,youtube,Neutral,general_reading,language preference,0.7
behan hindi mai bol la,youtube,Neutral,general_reading,no clear issue,0.7
book like list like forever,youtube,Negative,platform_experience,confusing interface,0.7
prizon,youtube,Neutral,general_reading,no clear issue,0.7
feelings shes offlimits hes one cant resist love turns storm secrets desire heartbreak nothing stays one rule one mistake one unforgettable love fight feelings surrender feelings start reading theres turning back dare feel fire available webnovel,youtube,Positive,general_reading,start reading,0.7
bought book days ago book fair locality im reading nowpray mental health,youtube,Negative,delivery,late delivery,0.7
ive already read book trust fav book mean till end find thriller thriller great suspense end,youtube,Positive,general_reading,great suspense,0.7
hi read malnad mysteries,youtube,Neutral,general_reading,no specific aspect,0.7
last short day,youtube,Negative,delivery,late delivery,0.7
review book kdp indian author disappearance iris jameson angela charles,youtube,Neutral,author_opinion,author recommendation,0.7
id rate book plot twist like magicians tricksurprising im still impressed,youtube,Positive,story_quality,surprising plot twist,0.7
hii actually want ask u would twist silent patient u read mean twist silent patient ending kind abrupt mean dont really want twsit forcedkindly suggest,youtube,Negative,genre_preference,abrupt ending,0.7
shocked days story guts read,youtube,Positive,story_quality,engaging story,0.7
searching u,youtube,Neutral,platform_experience,search functionality,0.7
girl,youtube,Neutral,general_reading,no specific aspect,0.7
giving rosalind dyer,youtube,Neutral,author_opinion,author preference,0.7
aloo khaoge,youtube,Neutral,general_reading,no specific issue,0.7
kinda giving naturals,youtube,Positive,genre_preference,natural fiction,0.7
appropriate year old,youtube,Neutral,genre_preference,year old content,0.7
woww interesting man imagine watching old video im glad found,youtube,Positive,general_reading,interesting reading experience,0.7
hi try reading alphabet killer prachi sharma may like,youtube,Neutral,genre_preference,recommend a book,0.7
acting,youtube,Neutral,general_reading,genre preference,0.7
avoided reading book night brooo,youtube,Negative,story_quality,bad story,0.7
buy books cheap,youtube,Positive,pricing,affordable prices,0.7
hows girl glass case,youtube,Neutral,general_reading,confusing title,0.7
read book loved loved end part book amazing,youtube,Positive,general_reading,loved the ending,0.7
read book really surprised end read another book frieda mcfadden never lie book beyond everything plot twist end woww anyone reads comment suggest read book,youtube,Positive,general_reading,surprised by plot twist,0.7
hii yall ive finished never lie verity silent patient housemaid st one loving genre suggest mind boggling thrillers please,youtube,Positive,genre_preference,suggest mind boggling thrillers,0.7
read dog god best book world,youtube,Positive,general_reading,enjoyed the book,0.7
prizan,youtube,Neutral,general_reading,no specific issue,0.7
bro read book ur recommendation dude thank,youtube,Positive,general_reading,enjoyed recommended book,0.7
poor taste seeone lamest thriller book ever read calling best,youtube,Negative,genre_preference,poor taste in thriller,0.7
locked door,youtube,Negative,platform_experience,locked door,0.7
book awesome,youtube,Positive,general_reading,book quality,0.7
meaannnuh little context,youtube,Neutral,general_reading,lack of context,0.7
loved book encouraged read books,youtube,Positive,general_reading,encouraged reading,0.7
question please answer got spoiler door wasnt locked stucked way father killing door stucked came kill women know thought kiddish plot bcoz freidas books plots insane pls tell plot little close,youtube,Negative,story_quality,plot is kiddish,0.7
could please tell us best horror books hindi language unable find proper recently bought one literally childish help thank,youtube,Negative,genre_preference,horror book suggestions,0.7
finished reading book morning verg good totally recommend adrenaline rush got match also check books author great writter,youtube,Positive,general_reading,enjoyable reading experience,0.7
nice review,youtube,Positive,general_reading,positive review,0.7
buy books,youtube,Neutral,platform_experience,purchase process,0.7
read worthy god ikshit gautami nice personal favourite,youtube,Positive,general_reading,read worthy,0.7
read book plss reply need know,youtube,Neutral,general_reading,request for response,0.7
prison prijann,youtube,Neutral,general_reading,no specific issue,0.7
please make video telling bit top fav thriller books,youtube,Neutral,general_reading,book recommendations,0.7
looks like jenifer winget,youtube,Neutral,platform_experience,author search,0.7
thank youuuuu suggestion video read book lit,youtube,Positive,platform_experience,suggestion video helpful,0.7
scared horror,youtube,Positive,genre_preference,scared horror,0.7
diiii suggest thriller books cause th class months break want read thriller brooks also romantic books parents wont allow please way year old please suggest thriller books romance book cover something something romantic budget friendly alsoplzzzzzzzzzzzzzzzzzzzzzzzzzzzzzzzzzzzz,youtube,Positive,genre_preference,thriller book suggestions,0.7
read ending,youtube,Neutral,general_reading,read ending,0.7
read book got literal chills reading,youtube,Positive,general_reading,emotional impact,0.7
similar one hindi web series called mussoorie,youtube,Neutral,general_reading,no specific issue,0.7
bruhh today found channel im addicted,youtube,Positive,general_reading,addicted to the channel,0.7
like say story without spoilers would like next next love yaar,youtube,Positive,general_reading,no spoilers,0.7
hey please tell us,youtube,Neutral,platform_experience,confusing interface,0.7
please tell whole story,youtube,Negative,story_quality,incomplete story,0.7
bahen soundtrack badle le aache ko nind naa aa payegi,youtube,Neutral,general_reading,no specific issue,0.7
theory reading maybe one killing dont know multiple personality disorder kinda thingy,youtube,Neutral,general_reading,confusing plot,0.7
buy new novel prajakta koli,youtube,Neutral,general_reading,book recommendation,0.7
getting goosebumps,youtube,Positive,story_quality,emotional impact,0.7
please make fantasy book haul,youtube,Positive,genre_preference,fantasy book preference,0.7
hi sister read books free,youtube,Positive,general_reading,free reading,0.7
ar talking flicker dark,youtube,Neutral,general_reading,no clear issue,0.7
read yesterday recommendation nice could better ive many questions regarding book want someone discuss,youtube,Neutral,platform_experience,recommendation quality,0.7
behan get life leave people read book,youtube,Negative,general_reading,author opinion,0.7
popped feed nowhere great,youtube,Negative,platform_experience,feed not found,0.7
waiting one,youtube,Negative,delivery,late delivery,0.7
kind giving good dead holly jackson last one agggtm series,youtube,Positive,genre_preference,enjoyed thriller series,0.7
try rock paper scissors alice feeny,youtube,Neutral,general_reading,book suggestion,0.7
nolan writes cid script instead shriram raghavan,youtube,Neutral,author_opinion,author preference,0.7
hey read one us lying series cuz u havent need read series,youtube,Negative,genre_preference,not enough series,0.7
book similar flicker dark kind legit,youtube,Positive,genre_preference,dark and legit books,0.7
di ur name u r vey sweet helpful,youtube,Positive,platform_experience,helpful customer service,0.7
lets book buddies read verity havent already,youtube,Neutral,general_reading,recommendation,0.7
love mcfadden books best popcorn thrillers best unputdownable,youtube,Positive,genre_preference,favorite book genre,0.7
main culprit kailashi dont know people dont highlight thathe topmost person blamed sudhas deathjust lust,youtube,Negative,story_quality,poor plot development,0.7
please aap logon ne gunahon ka devta padh liya chandra ka jivan jise aap gunahon ka devta yah pata nahin kya mante ho lekin ab aap ek bar please rape ki machhali bhi upnyas padho jo unki khud ki patni ne apne vaivahik jivan per likha hua hai kanta bharati ji ne fir aapko gunahon ke devta se nafrat hone lagi chandra se nafrat hone lagi dharmveer bharati se bhi nafrat hone lagegi please ek bar aap log padhiye jarur,youtube,Negative,platform_experience,confusing interface,0.7
ret ki machhli padhna dharmavir bharti ka asli gnda chehra dikhta h,youtube,Negative,author_opinion,author's true face,0.7
mene book khatam kari h pdkr par muje isme kisi ki koi galati nahi lagi siwaye iske ki agar chandar chahta uski mout itni bhayvah nirdayi n hoti,youtube,Negative,story_quality,cruel ending,0.7
bhai mai upsc preparation kr rha hu aur meri pahli nobel gunaho ka devta pad raha hu mujhe itna dard ho raha h ki mai khud ko samhal nhi pa raha hu bahut dard hota h padne se,youtube,Negative,general_reading,painful reading experience,0.7
yr ye kitaab bhut slow hai kuch khas ni lgioverated,youtube,Negative,platform_experience,slow experience,0.7
slow overated,youtube,Negative,story_quality,overrated,0.7
lekin chandar devta thha hi nahi,youtube,Neutral,general_reading,unfamiliar with content,0.7
sudha marne se pahile chander se cheekh k kyu kehti hai anyone explain story theres mention anyone going australia,youtube,Negative,general_reading,confusing story,0.7
pehle ret ke machhali padho phir tum upanniyas ke lekhak ko gali doge,youtube,Negative,general_reading,reading advice,0.7
ki teacher,youtube,Neutral,general_reading,no specific issue,0.7
multiple time heard bs wo payar kar baithata hai apne hi teacher ki beti se come man dont spread kind words please puri kitab mein na writer ne kabhi aisa kuch kehne ki kosis ki na kisi kirdar ne aisa kuch samajhne ki idiot use kind words chandar ke liye sudha ek premika se kahin upr thi aur sudha ke chandar devta se bhi upar,youtube,Negative,story_quality,inconsistent writing style,0.7
bhai teacher ki expectations bhi hai ki intercaste marriage nhi honi chahiye,youtube,Neutral,general_reading,social expectations,0.7
also book hesitating read becoz hindi weak book really worth reading,youtube,Negative,genre_preference,weak hindi books,0.7
bhai sirf ek prishth ptha hu book ka review dekhne youtube pr aa gya comments ptha ke meri himmat hi nhi ho rhi hai continue krne ki,youtube,Negative,platform_experience,losing motivation,0.7
hum sab kisi na kisi bojh tale jee rhe hai,youtube,Negative,delivery,late delivery,0.7
sudha vinti ne milkr chandra ko devta bna diya jabki mene jb ise padha lga ki asal chandra devta nhi tha vo apne tyag pr ghamand kr betha asal sudha devi thi jisne apne jism ko sop diya lekin apni ruh nhi sop pai last usee vh virah rupi danav nigal gya,youtube,Negative,story_quality,disappointing plot twist,0.7
mujhe suru ke page lhtm karte hi samajh aagya ki sudha akhir asman mil jayegi n jane kyo ek ajeeb si tadap thi andar aisa lga sudha sayad meri si hai,youtube,Positive,general_reading,emotional connection,0.7
aap kehte hain ki es prem mein aajadi di gai pr sudha ko bandha gya hai,youtube,Negative,general_reading,confusing story,0.7
chandar ko devta sirf kaha gya h balki chandar ko sab kuch maan krr uski puja krne wali sudha asli devi thi sudha ne apna sab kuch luta kr chandar ko devta mana tha sudha ne bataya ki prem sirf prem hota h na sharirik sukh na shaadi na hamesha ek saath rhna na kuch aur prem sirf prem hi h aur ek baar jisse ho gya marte dam tk ussi se rahega chahe shaadi kisi se bhi ho sudha ne apne pyar ko hamesha puja aur koi iccha nhi rakhi chandar duniya ki baaton phas gya aur apni devi ko hamesha k liye kho diya,youtube,Positive,general_reading,enjoyed the story,0.7
kal mera exam tha ess upnivass ka,youtube,Negative,platform_experience,unhelpful customer service,0.7
agar chandar sudha se sadi kr leta aaj sudha jinta hoti kaas uski jagah kailash mr jata sudha ki sadi chandar se ho jati,youtube,Neutral,general_reading,unintelligible text,0.7
myjhe pahli bar hi sudha se pyar ho gaya,youtube,Positive,general_reading,enjoyed the book,0.7
kya,youtube,Neutral,general_reading,no specific issue,0.7
dec ko uski shadi ho jayegi kisi ke sath plzz pray ki uski shadi na ho love,youtube,Neutral,general_reading,unrelated to platform,0.7
youtube gunaho ka devta swarnima bajpai,youtube,Neutral,general_reading,no specific issue,0.7
sudha ne apne aap ko puri trh chandra ko sop diya tha yhi uska,youtube,Negative,general_reading,poor storytelling,0.7
wo ek decision jis se usne sudha ko shadi ke liye mnaya,youtube,Neutral,general_reading,no specific issue,0.7
phool baat ka gawah h chandar ki tode wahi jate h jo achhe hote h,youtube,Neutral,general_reading,no specific issue,0.7
bjp ka tatta aagya bich,youtube,Neutral,general_reading,unintelligible text,0.7
aaj mne pdha mere ansu nhi ruk rhe,youtube,Negative,delivery,late delivery,0.7
sahi kaha aapne main bhi ye sun rhi ho episode par pauche hai ab,youtube,Negative,platform_experience,episode not found,0.7
ek hu,youtube,Neutral,general_reading,no specific issue,0.7
kitab padhkar ro hi raha tha ab comment padhte padhte aankh bhar aaye kaash ki koi mere paas hota jinse apne dilo ki baat kah pata miss sudha mai chander hota samaj se lad jata tumhare liye aur itna nahi karta kam se kam tumhe shaadi karne ko majbur nahi karta akele tum hi lad leti hum jeet jaate par maine tumhe ladne bhi nahi diya im sorry sudha,youtube,Positive,general_reading,emotional connection,0.7
bhaisaab abhii pad ke khtam kriii ab yhii yhii chal rhaa dimaag mee isi bajah se yese novel pdna avoid krtaa hoon,youtube,Negative,general_reading,avoid certain novels,0.7
jab sudha apni shadi ka sun kar boht udas hone lagi toh mujhe pages skip karne pade aur jab laga ki kahani bigadti ja rhi h last page per aa gaya aur uske bad mera dil itna dukha mene dharmveer bharti ko bohot galiya di aur deta rahunga aur ab us book ko khone ki meri himmat nhi h,youtube,Negative,story_quality,disappointing plot twist,0.7
chandar ne kabhi sudha se pyar nahi kiya wo bs pammi se aakarshit thae,youtube,Negative,general_reading,no interest in story,0.7
wanna read every comment comment section every line hits hard book,youtube,Positive,general_reading,emotional impact,0.7
responsible deeds societyand ju st cover people try find escape inner soul make responsible societybut whole truth society us dead love innocene save really courage say actually,youtube,Neutral,general_reading,philosophical themes,0.7
aap sabhi ek bar ret ki machali jaroor padhiyega,youtube,Positive,general_reading,recommended reading,0.7
aise character jaisa dhila main nahin,youtube,Negative,general_reading,dislike character development,0.7
kafi logo ne likha aakhri aasu nhi ruke mere aasu tabhi khatam hogye jab sudha ki shadi hui jab vo vapis aayi dam bimar halat uske marne tak meri aakhe jese thak si chuki thi aasu baha baha kar kabhi aakhri binti chandra ka vivah na hota dil bechen rheta story kafi bekar hojati hats dharmvir bharti unhone aakhri mr kafi kuch sikha diya,youtube,Negative,story_quality,disappointing story,0.7
chandar full wo sudha ki puri life uske emotion control karta hai wo shadi nhi krna chahti lekin chandar ko apni mahanta dikhani hai sudha k pitaji ko ki sirf whi sudha ko mna sakta hai sudha ko thappad marna use bahut kuch sunana jb marzi aaye apne mn ka vyawhar karna chadar sirf gunahon ka putla tha jisne apne mahanta k swarth bholi si sudha ki bali chada di sudha mari nhi uski hatya ki gyiuse til mara gya aur uske marne ke baad besharmi se binti se shadi bhi kr leta hai waah devta,youtube,Positive,story_quality,emotional connection,0.7
ek bar ise padh liye fir kabhi padhne k himmat nhi hui,youtube,Negative,general_reading,lost interest,0.7
ret ki machhli padhoo tab samjh ayega dharam veer bharti ki sachai,youtube,Neutral,general_reading,understanding author's message,0.7
hits different,youtube,Positive,general_reading,emotional impact,0.7
ye th class main te,youtube,Neutral,general_reading,unclear text,0.7
pta nahi q muje sudha shuru se hi galat lgi prem dono pr iska sara bojh chandar ne uthaya shadi k baad bi na sudha aage bdi na usne chandar ko aage badhne diya chahti toh vo vidroh kr skti thi keval iska bojh apni chidhiyon k madhyam se vo hmesha chandar pr dalti rahi usne chandar ko kisi se shadi k liye b tb kaha jb use apni sehat thik na lagi agar vo thik rehti toh tb vo chandar ko sara jivan ek galani k bojh daal k rkhti,youtube,Negative,story_quality,disappointing plot twist,0.7
kuch nhi bdla hai aaj tk aaj bhi kai asi sudha hai jo chandr se alg ho jati hai hmari society ki soch,youtube,Negative,general_reading,not engaging story,0.7
maine kai dino se padhna shuru aaj khatam kiya hoon mera rooh kaam gya bhai sir dard hone laga ishe padh mat kahunga na padho ish book ko,youtube,Positive,general_reading,finished reading book,0.7
ret ki machhli padho say,youtube,Neutral,general_reading,no specific issue,0.7
mene first time novel padhi ise padh padh kr itna ronaa aaya mene ye kal hi morning khatam ki h mujhe poori raat neend nhi aayi honestly speaking ye book bahut hi achi h,youtube,Positive,general_reading,enjoyed the book,0.7
english translation book,youtube,Neutral,genre_preference,specific genre,0.7
reading ret ke machli somehow hate real life,youtube,Negative,general_reading,dislike of real life,0.7
bahut hi behtreen story hai iss book ki,youtube,Positive,story_quality,good story,0.7
acche dost life se chale jana iske piche bhi koi reason hai kya,youtube,Negative,general_reading,no reason to read,0.7
chandar k mood swings hi khatam nhi hote,youtube,Neutral,general_reading,author's writing style,0.7
chandar always dillema idea love sex ignoring individuality sudhas pure immense love tried mend beliefs genralization women suited fell firm beliefs regained heartwretching event sudhas death atone sins good deed devta fulfill sudhas last wish marrying binti,youtube,Negative,general_reading,confusing writing style,0.7
aisi love story pr movies kyu nhi banti,youtube,Negative,general_reading,dislike of movie adaptations,0.7
essa pavitra prem ham aaj k zamane expect kar skte h,youtube,Neutral,general_reading,unintelligible text,0.7
toxic af,youtube,Negative,general_reading,hate the content,0.7
completing feeling lonely first last book dont feel like reading heart hurting lot,youtube,Negative,general_reading,feeling lonely after reading,0.7
chandar swarthi insaan h use jab oita ki zarurt hoti h dr shukla k pass jata h jab dular ki zarurat hoti h sudha k pass jab flert krna ho binti k pass vasna mitane pammi k pass ha vo devta h par gunaho ka,youtube,Neutral,general_reading,no specific issue,0.7
sir aap na dr benjamin louis ki trh lag rahe ho ek movie hai anjaampathira south ki bahut achhi hai usi ek character hai drbenjamij louis hai,youtube,Neutral,general_reading,no specific issue,0.7
book ka link plz,youtube,Neutral,platform_experience,request for book link,0.7
ye book maine audiobook suni thi aur itna depressed feel ho raha tha heart heaviness aur aanshu ruk nahi rahe thejab bhi sochti hun book k bare seham jati hunshayad horror book bhi itni horror nahi ho sakti,youtube,Negative,genre_preference,too depressing,0.7
sudha ka dukh kya km tha toh gaisu ki zindagi bhi jite jii narak ban gyi ek thi jisne shaadi k khoob sapne dekhe dusri ne shaadi naa krne k aur hua kuch aisa ki dono ki zindagi ne adla badli ki lekin dukh ek hi mila aur vo tha mnchaha pyar ka na milna,youtube,Positive,general_reading,emotional connection,0.7
bhaiya full respect u ye nhi bolna tha ki sudha kyuki shyad ye bata dena bilkul baisa hi h jaise kisi cricket stadium match dekhna sath pata hona ki match ye team jeetni h known aap pehle bol rhe h ki ye spoiler alert h pls jinhone ye book nhi padi hai,youtube,Negative,platform_experience,spoiler alert,0.7
recommend everyone read book listen mohrafi kishor kumars album definitely connect every line novel one song ae dil mushkil like agree,youtube,Positive,general_reading,book recommendation,0.7
parivar keliye koi kam kaj nahi free hoto pdho nhi parivar bachche sang khush raho bhartiy snskruti ke dhrm pustk pdho baaki free keliye kuchh bhi koi kaam nhi,youtube,Negative,pricing,not free for family,0.7
sem hear,youtube,Neutral,general_reading,no clear issue,0.7
mereko maza nahi aya,youtube,Negative,delivery,late delivery,0.7
ret ki machli,youtube,Neutral,general_reading,no specific issue,0.7
recommendation read powerless triologyits good,youtube,Positive,general_reading,good book recommendation,0.7
east eden stoner,youtube,Neutral,genre_preference,specific genre interest,0.7
upon broken heart would best,youtube,Neutral,general_reading,emotional connection,0.7
literally fav trope looking forward reading,youtube,Positive,genre_preference,favorite genre,0.7
ava dont like dont come dark rom readers,youtube,Negative,genre_preference,dark romance preference,0.7
verity,youtube,Neutral,general_reading,no specific issue,0.7
glass palace amitav ghosh also cruel prince series,youtube,Positive,genre_preference,recommended fantasy series,0.7
read book amazing read u wont able put let know u liked u read,youtube,Positive,general_reading,loved the book,0.7
chapter wild chapter,youtube,Neutral,general_reading,incomplete review,0.7
read twisted games twisted hate loved,youtube,Positive,general_reading,loved the book,0.7
twisted games also bad dont read,youtube,Negative,genre_preference,bad book recommendation,0.7
better movies nothing like movies best book beginners amazing heartwarming,youtube,Positive,general_reading,heartwarming story,0.7
series light reading modern spicy wattpad love story kind thing read books im exhausted hrs working im like harry potter count monte cristo lover heavy layers good back stories crazy plots one sugest book series like,youtube,Positive,genre_preference,light reading modern spicy,0.7
ava,youtube,Neutral,general_reading,no feedback provided,0.7
ava eva thx,youtube,Neutral,general_reading,no specific issue,0.7
spicy books want read fantasy series ill highly recommend cruel prince first book instantly love reading enemies lovers slow burn third book best one,youtube,Positive,genre_preference,fantasy series wanted,0.7
powerless lauren roberts bastard istanbul elif shafak,youtube,Neutral,general_reading,book recommendation,0.7
feel haunting adeline,youtube,Positive,story_quality,haunting story,0.7
would suggest u read ikigai,youtube,Positive,general_reading,book recommendation,0.7
dristisharmashots didi try open road stuti changle book,youtube,Negative,platform_experience,book not found,0.7
please make videos like,youtube,Neutral,platform_experience,video content suggestion,0.7
felt reading book thoughbut know love jules josh love story twisted hate,youtube,Positive,story_quality,twisted love story,0.7
loved book sm,youtube,Positive,general_reading,loved book,0.7
u could read powerless powerful nd fearless,youtube,Positive,general_reading,book recommendations,0.7
sister read twisted hate twisted games already finished reading twisted lovegames hate,youtube,Positive,genre_preference,enjoyed twisted games series,0.7
try made series,youtube,Positive,genre_preference,series preference,0.7
talk twistedits somewhere category dark romanceand read itand favourite book series gamesi like characterseven plot good im comparing books seriesrest id recommend crime punishment dostoevskyand also watch seriesits ytjust episodes youll love sure,youtube,Positive,general_reading,enjoyed character development,0.7
books novel,youtube,Neutral,genre_preference,novel preference,0.7
actually believe may may like book lets keep aside see ana huang write freaks us writers perspectives always wild ones actually need teach us something something books try,youtube,Positive,general_reading,enjoyable reading experience,0.7
read haunting adeline,youtube,Positive,general_reading,enjoyed the book,0.7
read book found filled red flags,youtube,Negative,story_quality,filled with red flags,0.7
well u gotta read whole twisted series king sins mapple town series powerless haunting adeline legacy gods shatter,youtube,Positive,genre_preference,recommended series,0.7
get romance easy read doesnt require much youre gonna disappointed time overhyped books try genres like historical fiction never disappoint fantasy thriller murder mystery like book thief nightingale powerless cruel prince naturals series silent patient maybe verity cuz easy read freida mcfadden holly jackson book,youtube,Negative,genre_preference,not enough romance,0.7
bro think books underrated like hope doesnt find u,youtube,Positive,general_reading,books underrated,0.7
norwegian woods heaven meiko kawakami white nights favourite bell jar,youtube,Positive,genre_preference,favorite books,0.7
fault,youtube,Negative,platform_experience,overall fault,0.7
age beginners books reading,youtube,Neutral,general_reading,general reading interest,0.7
read life make,youtube,Neutral,general_reading,general reading experience,0.7
thousand splendid suns good pick,youtube,Positive,genre_preference,good pick,0.7
go ahead twisted series like second part book twisted games read fun read fiction book feel like watch movie series,youtube,Positive,genre_preference,enjoy twisted series,0.7
read coffee gets cold,youtube,Neutral,general_reading,reading experience,0.7
funny story emily henry book make fall love love emilys writing sooooo witty,youtube,Positive,general_reading,enjoyable reading experience,0.7
pls pls read palace illusion stationary shop tehran last queen,youtube,Neutral,general_reading,book recommendation,0.7
u writing book u write definitely read,youtube,Positive,general_reading,recommendation,0.7
wanna read fiction read jenefier hartman still beating royal elite series,youtube,Positive,genre_preference,fiction preference,0.7
ugly love verity spiciest book read yet,youtube,Positive,genre_preference,enjoyed spicy romance,0.7
read twisted games please would love second book,youtube,Positive,genre_preference,more books in genre,0.7
read best thing dear aaron marianna zapata,youtube,Positive,general_reading,enjoyed reading,0.7
jaise aap english bolti hai waise kaise bole,youtube,Neutral,general_reading,language barrier,0.7
think also read twisted lies,youtube,Positive,general_reading,book recommendation,0.7
please read better movies clean beautifully written lynn painter like book please review read books author,youtube,Positive,general_reading,author recommendation,0.7
read da vinci code dan brown,youtube,Positive,general_reading,book recommendation,0.7
books would want read khaled hosseini man called ove sittaford mystery book theif silent patient little life,youtube,Neutral,genre_preference,favorite authors listed,0.7
master game sidney sheldon,youtube,Positive,genre_preference,thriller preference,0.7
read upon broken heart,youtube,Neutral,general_reading,emotional impact,0.7
youre mystery thriller kinda genre verity even book ends youll still wondering truth,youtube,Positive,genre_preference,mystery thriller preference,0.7
seven year slip,youtube,Positive,story_quality,engaging plot,0.7
read shatter series amazing,youtube,Positive,genre_preference,liked series,0.7
lovely recommendations belated bachelor party dreams mine ravinder singh,youtube,Positive,platform_experience,lovely recommendations,0.7
bro book good dark romance,youtube,Positive,genre_preference,book meets genre,0.7
read icebreakerill love,youtube,Positive,general_reading,enjoyed the book,0.7
readking wrathyou must read,youtube,Positive,general_reading,highly recommended,0.7
silent patient craaazyyy romance mix everything like romance complicated relations mystery seven husbands evelyn hugo fantasy fiction stop time matt haig popular dont get,youtube,Neutral,genre_preference,mix of genres,0.7
read harry potter books find magic adventure comedy suspense plot twist romance thrill emotions sadness much obsessed must try,youtube,Positive,general_reading,enjoyed the story,0.7
ember ashes,youtube,Neutral,general_reading,no specific aspect,0.7
pjo,youtube,Neutral,platform_experience,incomplete review,0.7
recommend song achilles give book try,youtube,Positive,general_reading,book recommendation,0.7
bro reading series read twisted games first friend gave book read ready pages got bored last week read whole book days ohhhhhmy god loved reading twisted love,youtube,Positive,general_reading,enjoyed reading series,0.7
twisted emotions go one,youtube,Positive,story_quality,emotional depth,0.7
need read amitav ghosh pick would suggest hungry tide shadow lines sea poppies,youtube,Positive,genre_preference,specific author suggestion,0.7
started reading yall dayum wildd,youtube,Positive,general_reading,enjoying the story,0.7
read harry potter even though initially book written kids read last books would feel like part adventure wont even think books children emotionally attached characters,youtube,Positive,general_reading,crossing age boundaries,0.7
read read,youtube,Neutral,general_reading,no specific issue,0.7
roadside se lete hain wahan shopkeeper bhaiya always recommend books konsi books read karen actually always good,youtube,Positive,platform_experience,recommend good books,0.7
would really really suggest read haruki murakami norewegian wood little hyped good kafka sputnik sweetheart really nice read,youtube,Positive,general_reading,good book suggestions,0.7
girl read powerless best book,youtube,Positive,general_reading,enjoyed reading best book,0.7
read alchemist,youtube,Neutral,general_reading,book selection,0.7
collen hoovers book pls read,youtube,Positive,general_reading,book recommendation,0.7
read twisted hatei started well loved first chapters,youtube,Positive,story_quality,engaging start,0.7
funny people focus spicy books nowadays instead reading something thatd actually help develop minds,youtube,Negative,general_reading,lack of substance,0.7
eva,youtube,Neutral,platform_experience,unknown author,0.7
read super gene twelve winged seraphim,youtube,Positive,general_reading,enjoyed reading,0.7
frankenstein wuthering heights old man sea archers voice,youtube,Positive,genre_preference,favorite classic novels,0.7
didi ava plsss change eva,youtube,Neutral,general_reading,no specific issue,0.7
much like pride prejudice,youtube,Positive,genre_preference,favorite classic romance,0.7
see alice wonderland k drama,youtube,Neutral,genre_preference,specific genre,0.7
read verity,youtube,Neutral,general_reading,no specific aspect,0.7
read six crows duology really good,youtube,Positive,general_reading,enjoyed the series,0.7
go twisted hate,youtube,Negative,story_quality,twisted story,0.7
read little life love book sm,youtube,Positive,general_reading,read little life love,0.7
drishtiiii please read mazerunner silent patient soooooooooo good sure love,youtube,Positive,general_reading,book recommendation,0.7
read twisted hate,youtube,Neutral,genre_preference,twisted hate genre,0.7
read metamorphosis prime intellect good traumatising im giving warning also mouth must scream short story writer harlen ellison based super powerful ai destroyed human kind world war safe five people changes body cant die ai torture hate humans much,youtube,Negative,general_reading,traumatising reading experience,0.7
naturals series,youtube,Neutral,genre_preference,specific series,0.7
reat good true prajakta koli might find cute,youtube,Positive,general_reading,enjoyable reading experience,0.7
think twisted games th book better series,youtube,Positive,genre_preference,twisted games better,0.7
love story good book,youtube,Positive,general_reading,good story,0.7
powerless series yass,youtube,Positive,genre_preference,series recommendation,0.7
arent books silent,youtube,Neutral,general_reading,books are silent,0.7
cant imagine average liking books read much time wasted,youtube,Negative,general_reading,time wasted,0.7
dont read entropy frontier dangerous,youtube,Negative,genre_preference,avoid certain genres,0.7
agree tom lake,youtube,Positive,author_opinion,author opinion,0.7
great girl give us nothing,youtube,Negative,general_reading,disappointing reading experience,0.7
omg middle name lynn,youtube,Positive,general_reading,enjoyed the book,0.7
read books recently past years lmao,youtube,Neutral,general_reading,recent reading experience,0.7
normal ppl one,youtube,Neutral,general_reading,normal ppl one,0.7
people lack reaction shouldnt trend,youtube,Negative,general_reading,people lack reaction,0.7
first love hair wondering suggestions books teen girls fiction already read harry potter books loved im currently reading swords choice sapphire eruption pretty good far im th page still pretty good im going read swords choice love books much want know read next lol,youtube,Positive,genre_preference,teen fiction suggestions,0.7
literally,youtube,Negative,platform_experience,confusing interface,0.7
generation weird,youtube,Neutral,general_reading,weird generation,0.7
silent aggressiveness,youtube,Negative,story_quality,aggressive tone,0.7
also recomment holy sht works power faith lokesh loki babu worth reading,youtube,Positive,general_reading,worth reading,0.7
thanks,youtube,Positive,platform_experience,good customer service,0.7
barely finished kinda mid surprisingly better thought outta go die u recommend reconsidering life choices decent really sweet story ur welcome advanceeeeeeeeeeeeee,youtube,Positive,general_reading,surprisingly good story,0.7
read civilian rachel anne really good,youtube,Positive,general_reading,enjoyed the book,0.7
helpful know books read sour,youtube,Neutral,general_reading,know books read,0.7
dont get,youtube,Negative,platform_experience,unsuccessful experience,0.7
couldnt understand anything reactions lol,youtube,Neutral,general_reading,confusing story,0.7
im autistic idea im looking means like books thats cool,youtube,Positive,general_reading,interesting book ideas,0.7
prefer kind reviews,youtube,Neutral,genre_preference,kind reviews,0.7
hi hayley love vids wanna know recommendations young adult booke,youtube,Neutral,general_reading,no specific aspect,0.7
didnt get first reaction mean liked hated,youtube,Neutral,general_reading,mixed emotional response,0.7
language understanding,youtube,Neutral,general_reading,language understanding,0.7
fun,youtube,Positive,general_reading,enjoyable reading experience,0.7
one understood nothing reactions,youtube,Negative,general_reading,confusing story,0.7
like normal people confused,youtube,Negative,general_reading,confused reading experience,0.7
im getting mixed emotions,youtube,Neutral,general_reading,mixed emotions,0.7
exact reaction normal people lmao,youtube,Neutral,general_reading,exact reaction,0.7
seems like need read different kinds books,youtube,Neutral,general_reading,genre preference,0.7
couldnt tell hated loved,youtube,Neutral,general_reading,mixed feelings,0.7
read powerless lauren roberts,youtube,Neutral,general_reading,read specific book,0.7
get sally rooney book burn,youtube,Neutral,genre_preference,specific book request,0.7
okay need read last one,youtube,Neutral,general_reading,need to read,0.7
must read uninstall diljot kaur,youtube,Positive,author_opinion,must read,0.7
give collen hover right,youtube,Neutral,general_reading,no clear request,0.7
spoke volumes get,youtube,Positive,general_reading,speaks volumes,0.7
understand even single one think stick speaking book reviews,youtube,Neutral,general_reading,confusing reviews,0.7
haleys face th,youtube,Neutral,general_reading,incomplete review,0.7
confused brooo,youtube,Neutral,general_reading,confused,0.7
big yes plot happened plot confirmed plll ooooottttttaaaa sure dug days plot would appear finally plot,youtube,Neutral,general_reading,failed,0.7
normal people valid girl book waste brain cells,youtube,Neutral,general_reading,failed,0.7
tells loads nothing swell haha,youtube,Neutral,general_reading,failed,0.7
wow many books,youtube,Neutral,general_reading,failed,0.7
reviews,youtube,Neutral,general_reading,failed,0.7
feel like liked one book right,youtube,Positive,general_reading,liked one book,0.7
excellent content informative,youtube,Positive,general_reading,informative content,0.7
hmm interesting way review books guess facial expressions worth thousand words,youtube,Positive,general_reading,interesting reading experience,0.7
love innnnn,youtube,Positive,general_reading,general enjoyment,0.7
signaling siblings moms room,youtube,Neutral,general_reading,no specific issue,0.7
first review loud clear,youtube,Positive,platform_experience,first impression,0.7
soooodid like normal people hate,youtube,Neutral,general_reading,no specific issue,0.7
take years buy best selling novels,youtube,Negative,pricing,high prices,0.7
please make video,youtube,Neutral,platform_experience,video feature request,0.7
tells nothing want,youtube,Negative,general_reading,unfulfilling reading experience,0.7
heavy none true lmao,youtube,Neutral,general_reading,no opinion given,0.7
feels like tied chair kidnapper introvert shy speak aggressively showing books signalling read joke dont take seriously,youtube,Negative,general_reading,confusing writing style,0.7
read starship troopers,youtube,Neutral,general_reading,read book,0.7
whats hand thing ticktok thing,youtube,Neutral,general_reading,confusing review,0.7
theres point unless youve read book nobody really understand review,youtube,Neutral,general_reading,understanding without prior knowledge,0.7
disgusted shouldnt bu oh wait shes smiling im confused,youtube,Neutral,general_reading,confusing plot,0.7
understood nothing,youtube,Negative,general_reading,confusing content,0.7
omg sweater pps,youtube,Positive,general_reading,excited about reading,0.7
book editor thinking im gonna read gonna like single one,youtube,Neutral,general_reading,predicting reading preferences,0.7
understood everthing nothing,youtube,Neutral,general_reading,understood everything,0.7
hate normal people says lot,youtube,Negative,general_reading,dislike normal people,0.7
autistic imagine reviews well understood,youtube,Positive,general_reading,imagination and reviews,0.7
silent reviews best thing ever,youtube,Positive,general_reading,silent reviews best,0.7
honestly love vibes video,youtube,Positive,general_reading,love the vibes,0.7
silent reviews well,youtube,Positive,general_reading,silent reviews well,0.7
anyone else find super relaxing,youtube,Positive,general_reading,relaxing reading experience,0.7
honestly creativity inspiring wisebits stories similar vibe unique storytelling,youtube,Positive,general_reading,inspiring storytelling,0.7
video bumped reading list lol,youtube,Negative,platform_experience,video bumped reading,0.7
love peaceful vibe review,youtube,Positive,general_reading,peaceful vibe,0.7
haley makes book reviews chill relaxing,youtube,Positive,general_reading,relaxing book reviews,0.7
never thought silent book reviews could fun,youtube,Positive,general_reading,enjoyable reading experience,0.7
approach refreshing reminds wisebits characters share life lessons unique way,youtube,Positive,story_quality,life lessons,0.7
reviews make wanna read,youtube,Positive,general_reading,reviews motivate reading,0.7
silent reviews clever idea wisebits something similar bringing essence story quickly creatively,youtube,Positive,general_reading,clever idea,0.7
way unique,youtube,Positive,general_reading,unique story,0.7
never knew silent book reviews could relaxing,youtube,Positive,general_reading,relaxing reading experience,0.7
yall love catcher rye gets much hate reason literally favorite book,youtube,Neutral,genre_preference,mixed opinions on genre,0.7
lost hero heroes olympus whole fandom hate book,youtube,Negative,story_quality,disliked book,0.7
writing choppy purpose,youtube,Negative,story_quality,choppy writing,0.7
dark stands still,youtube,Neutral,story_quality,engaging plot,0.7
plot twist crying much ecspeccially dogs,youtube,Positive,story_quality,emotional impact,0.7
got really bored stopped reading,youtube,Negative,story_quality,boring story,0.7
outsiders everyone said basic rich vs poor found hold many amazing concepts,youtube,Positive,genre_preference,found many amazing concepts,0.7
beautiful strangers,youtube,Neutral,general_reading,book title,0.7
yes loved,youtube,Positive,general_reading,loved reading,0.7
fr loved everything makes sense reading twist since floored twist simple delivery works,youtube,Positive,story_quality,engaging plot twist,0.7
book everyone likes hate court thorns roses,youtube,Neutral,general_reading,mixed book reviews,0.7
idk one else likes book kill kingdom awesome book feel like one else ever read,youtube,Positive,general_reading,unique reading experience,0.7
remember april,youtube,Neutral,general_reading,no specific issue,0.7
win lose kill die midnight game cynthia murphy,youtube,Neutral,general_reading,no specific issue,0.7
like trials apollo nobody know actually read,youtube,Neutral,general_reading,no opinion on book,0.7
omg tell much loved book book changed life im even gonna lie emotional friend extra gave like oh prepared friends watched show like youre gonna cry like oh im probably gonna cry right like oh gosh book like favorite book whole world read prequel book good,youtube,Positive,general_reading,life changing book,0.7
satans guide old testament,youtube,Neutral,genre_preference,specific book request,0.7
easy harry potter,youtube,Positive,genre_preference,easy harry potter,0.7
rainbow grey kids book still goated,youtube,Positive,general_reading,enjoyed the book,0.7
arent really bad reveiws dont know anybody red city spies,youtube,Neutral,general_reading,uninformed opinion,0.7
wizards oncr,youtube,Neutral,genre_preference,unspecified genre,0.7
catcher rye idk people hate much like hate holden literal teenager trying cope face adulthood raskolnikov crime punishment worse things make make sense pls,youtube,Neutral,general_reading,complex character analysis,0.7
narnia,youtube,Neutral,genre_preference,specific book request,0.7
beacuse racism stereotypes,youtube,Negative,story_quality,racism stereotypes,0.7
tbr im excited stsrt,youtube,Positive,general_reading,excited to read,0.7
tomorrows,youtube,Neutral,delivery,unspecified delivery issue,0.7
book love never heard anyone else reading silence bonaventure arrow rita leganski,youtube,Positive,general_reading,enjoyed reading experience,0.7
ready player one,youtube,Positive,genre_preference,sci-fi interest,0.7
ny english class given random book minutes read got liars absolutely hated writing style nothing going fast forward months already read books school year didnt know wjat read oh look book started hated lets read today wait actually insane idea plot twist book,youtube,Negative,story_quality,writing style hated,0.7
favorite book time,youtube,Positive,general_reading,favorite book time,0.7
love liarsssssss,youtube,Positive,general_reading,enjoyed reading,0.7
blood magic,youtube,Neutral,genre_preference,blood magic,0.7
immortal consequences,youtube,Positive,story_quality,engaging plot,0.7
wrong questions ppl dont like cuz confusing beginning soo good,youtube,Negative,story_quality,confusing beginning,0.7
love liars,youtube,Positive,genre_preference,favorite genre,0.7
read summary google ai mode sounds like every soap opera wife watches soap operas reads kind stuff way beyond guess im grounded reality,youtube,Negative,general_reading,predictable storylines,0.7
loveeeeee book,youtube,Positive,general_reading,book enjoyment,0.7
could read book books author writing style made difficult desperately want understand peoples love cant,youtube,Negative,story_quality,difficult to understand,0.7
amari peters great book opinion,youtube,Positive,author_opinion,great author opinion,0.7
read middle school,youtube,Neutral,general_reading,age group preference,0.7
love liars im reading last book series,youtube,Positive,genre_preference,enjoyed romance series,0.7
nowhere emporium trilogy read start class one liked except one thing would say every book gets bit confusing bc books go back forth timelike first book easy follow along second bit confusing finally last confusing btw ross mckenzie called order nowhere emporium elsewhere emporium otherwhere emporium,youtube,Negative,story_quality,confusing plot,0.7
giver fav book one likes,youtube,Neutral,general_reading,no specific aspect,0.7
creatures chaos one even knows,youtube,Negative,general_reading,confusing writing style,0.7
recently read book gess stars people book star book star star people theyre author,youtube,Positive,general_reading,enjoyed the book,0.7
said liars staring screen broken jaw,youtube,Negative,general_reading,confusing text,0.7
hoo lost hero,youtube,Positive,general_reading,enjoyable read,0.7
liars one favorites favorite im almost done family liars,youtube,Positive,general_reading,favorite series,0.7
cant think books know people hate cant find anyone read moth dark absoulutly loved havent seen anything online,youtube,Negative,genre_preference,can't find preferred genre,0.7
questionwhy never covers books,youtube,Negative,genre_preference,not covering preferred genre,0.7
thats book listttt,youtube,Neutral,general_reading,no specific issue,0.7
love book,youtube,Positive,general_reading,book enjoyment,0.7
one book everyone loves lord rings,youtube,Positive,genre_preference,favorite fantasy book,0.7
ends u,youtube,Negative,general_reading,ends abruptly,0.7
love legend zelda mangas one really knows exist,youtube,Positive,genre_preference,favorite manga genre,0.7
cujo,youtube,Neutral,general_reading,no specific issue,0.7
turtles way never talked anyone liked,youtube,Neutral,general_reading,no opinion provided,0.7
impossible creatures underrated got second book poison king cant really find anyone wants made katherine rundell,youtube,Positive,author_opinion,author's writing style,0.7
liars peak mean yeah kinda hard get still plot crraazzyyy loved smm,youtube,Neutral,story_quality,plot confusing,0.7
soon said plot twist jarring knew,youtube,Negative,story_quality,jarring plot twist,0.7
love toooo,youtube,Positive,general_reading,overall enjoyment,0.7
lies good remember reading back popular booktok honestly im surprised got much hate havent watched show yet still remember felt read ending,youtube,Positive,general_reading,remembering the story,0.7
read book english class good defnintly great,youtube,Positive,general_reading,enjoyed reading,0.7
u guys ever read murder bad manners literally fav mystery soooo good popular theres also another one series called poison polite,youtube,Positive,genre_preference,mystery series,0.7
seen tv show reading book show havent moved,youtube,Neutral,general_reading,distracted reading experience,0.7
school good evili agree well written book ever know sophie makes cringe second hand embarrassment every five pages feel like makes layered character long run alot might sentimentality love books,youtube,Positive,story_quality,well written book,0.7
long walk,youtube,Neutral,story_quality,slow pace,0.7
loved art catching feelings alicia thompson would see read good people didnt say daphne shouldve truth instead daphne said truth towards almost end book,youtube,Positive,general_reading,enjoyed character development,0.7
royals,youtube,Neutral,genre_preference,specific genre,0.7
writing style little choppy fits name book liars believe supposed inconsistency truth revealed hence title liars read never heard,youtube,Negative,story_quality,inconsistent writing style,0.7
cried end best,youtube,Positive,story_quality,emotional impact,0.7
finished thought fantastic sad thought super interesting loved,youtube,Positive,story_quality,emotional connection,0.7
always like talk book first showing title,youtube,Positive,platform_experience,user interface,0.7
love book lol,youtube,Positive,general_reading,enjoyed reading,0.7
lovvved liars favorite like month strait,youtube,Positive,general_reading,loved favorite book,0.7
books experience never really care ratings either way either like dont ill find hard way,youtube,Negative,platform_experience,disregard for ratings,0.7
dont know people like dont never hear anyone talk one favorite books one read early life called dreamer book poets life child surroundings grew affected poetry ending shocked sad generally one favorite books,youtube,Positive,general_reading,favorite book experience,0.7
luv liars finished today start balling good,youtube,Positive,general_reading,enjoying the book,0.7
think ppl dont really like bc writing style kinda hard understand pushed thru plot twist smacked face,youtube,Negative,story_quality,hard to understand writing,0.7
book isnt hated popular called every last word rlly good deserves hype,youtube,Positive,general_reading,enjoyed the book,0.7
fighting darius love book,youtube,Positive,genre_preference,romance book,0.7
loved book read years ago left stunned amazing,youtube,Positive,general_reading,amazing reading experience,0.7
law attraction one best dude,youtube,Neutral,general_reading,no specific aspect,0.7
twisted series mean everyoned cursin men,youtube,Negative,genre_preference,twisted series not liked,0.7
like casual vengeance yeah doesnt seems like everyone,youtube,Positive,genre_preference,casual vengeance genre,0.7
sir callie ive met one person whos read convince,youtube,Positive,general_reading,recommendation,0.7
never read book benge watch series need good cry last episodes get every time,youtube,Neutral,genre_preference,prefers TV over books,0.7
love liars good,youtube,Positive,general_reading,book enjoyment,0.7
like nobody likes ive heard lot people hate court dead rick riordan,youtube,Neutral,author_opinion,author popularity,0.7
genuinely hate book,youtube,Negative,general_reading,hate book,0.7
dont read book people dont like always jsut check content warnings spice dont read reviews,youtube,Negative,general_reading,don't read negative reviews,0.7
actually havent read yet im hoping year,youtube,Neutral,general_reading,no current reading,0.7
also liked book tot,youtube,Positive,general_reading,liked book,0.7
see much negative stuff book good,youtube,Positive,general_reading,book quality,0.7
touch night,youtube,Neutral,general_reading,no specific issue,0.7
peculiar peggs riddling woods super underrated,youtube,Positive,general_reading,book recommendation,0.7
reading sweet lol,youtube,Positive,general_reading,enjoyable reading experience,0.7
one talking threw book trash,youtube,Negative,story_quality,poor writing quality,0.7
thank like th grade read paper palace weird,youtube,Positive,general_reading,enjoyed the read,0.7
ive court thorns roses desk year cant get helps want read tho haha,youtube,Neutral,platform_experience,confusing interface,0.7
please,youtube,Neutral,platform_experience,request for assistance,0.7
haha best review ever,youtube,Positive,general_reading,entertainment value,0.7
reasons even silent much powerful actual review opinions,youtube,Neutral,general_reading,incoherent review,0.7
best book review ever seen,youtube,Positive,general_reading,book review quality,0.7
im sorry felt heart break u threw book bin,youtube,Negative,general_reading,emotional impact,0.7
never lie review accurate,youtube,Positive,platform_experience,trustworthy reviews,0.7
acotar series best need read seriess crescent city throne glass,youtube,Positive,genre_preference,favorite fantasy series,0.7
get get yes,youtube,Neutral,general_reading,no specific aspect,0.7
pregnant belly dance hahaha,youtube,Neutral,general_reading,no specific issue,0.7
happening lmaoo,youtube,Neutral,general_reading,general enjoyment,0.7
im saving post time read,youtube,Positive,general_reading,saving time,0.7
reviews terrific reaction court series would could move like,youtube,Neutral,general_reading,no specific aspect,0.7
never lie absolutely mind boggling,youtube,Positive,story_quality,mind boggling story,0.7
understood review better ive ever seen,youtube,Positive,platform_experience,easy to understand,0.7
type book review,youtube,Neutral,general_reading,type book review,0.7
like ive read every book watching,youtube,Positive,general_reading,voracious reader,0.7
wanna try,youtube,Neutral,general_reading,reading interest,0.7
content outstanding really appreciate effort,youtube,Positive,story_quality,content outstanding,0.7
never lie trash potential disappointed,youtube,Negative,general_reading,disappointed with content,0.7
mum things never got books end,youtube,Negative,delivery,books not delivered,0.7
amo voc mulher alma que faz rir e se apaixonar,youtube,Positive,general_reading,enjoyable reading experience,0.7
made noise,youtube,Negative,platform_experience,noise during delivery,0.7
performance amazing really appreciate effort,youtube,Positive,platform_experience,amazing performance,0.7
watching bc recommended seeing bump end nearly broke ankle madly clicking around see pregnant somehow missed announcement nope yt throwing recommending older short,youtube,Negative,platform_experience,confusing navigation,0.7
gift filling silence gap w creative humor im proud fellow human,youtube,Positive,general_reading,enjoyable reading experience,0.7
watch multiple times every time comes,youtube,Negative,platform_experience,repeated login issues,0.7
understood every word spoken,youtube,Positive,story_quality,easy to understand,0.7
eu sei que baba fez inverno passado kkkkkkkkkkkkkkkkkkkkkkkkkkk,youtube,Neutral,general_reading,no specific issue,0.7
silent review room us,youtube,Neutral,general_reading,silent review room,0.7
maze quan processactors kkk codigo uma cidade de habitantes atingir nirvana pix pixel falls redes sociais nao sou socio xadrez e mais divertido kk,youtube,Neutral,general_reading,no clear aspect,0.7
movie reviews please,youtube,Negative,genre_preference,genre not available,0.7
love freida mcfadden,youtube,Positive,author_opinion,author preference,0.7
love shirt,youtube,Neutral,general_reading,unrelated comment,0.7
really silent like wordless lol,youtube,Positive,general_reading,enjoyed silence in story,0.7
girl bottom heart please learn american sign language facial expressions gestures point understood every single thing look like youve signing years dont already know asl please learn would amazing,youtube,Positive,general_reading,recommend learning ASL,0.7
reading never lie lowkey kinda excited see ending,youtube,Positive,general_reading,excited to read,0.7
wish women like,youtube,Neutral,general_reading,female character representation,0.7
love tees,youtube,Positive,general_reading,love reading,0.7
even quiet loud lol,youtube,Neutral,general_reading,incoherent review,0.7
screenshots got want read epic,youtube,Negative,general_reading,screenshots got in way,0.7
made entertain expressive seems natural great job,youtube,Positive,general_reading,entertaining storytelling,0.7
silent,youtube,Neutral,general_reading,no specific issue,0.7
love human,youtube,Positive,general_reading,general enjoyment,0.7
im convinced people brainwashed liking books dont get wrong booktok books really good acotar guys come,youtube,Negative,genre_preference,not liking certain genres,0.7
ill happily throw acotar burning trash bin thanks,youtube,Negative,story_quality,hated the story,0.7
husband must blast everyday,youtube,Neutral,general_reading,husband must blast everyday,0.7
holy shit didnt even say anything like could feel savage threw book,youtube,Positive,story_quality,savage plot twist,0.7
everything silent,youtube,Negative,platform_experience,unresponsive platform,0.7
yesss girl frieda,youtube,Positive,general_reading,general enthusiasm,0.7
new book review,youtube,Neutral,general_reading,new book review,0.7
best silent review ever,youtube,Positive,general_reading,enjoyed the story,0.7
paper place review rolling,youtube,Neutral,general_reading,no specific issue,0.7
im way locked,youtube,Negative,platform_experience,locked out,0.7
paper palace,youtube,Neutral,general_reading,book title,0.7
accuracy acotar,youtube,Positive,genre_preference,favorite fantasy series,0.7
yikes,youtube,Negative,platform_experience,overall experience,0.7
new favorite way get book reviews,youtube,Positive,platform_experience,new favorite way,0.7
ive told read acotar,youtube,Positive,genre_preference,favorite fantasy series,0.7
done,youtube,Positive,platform_experience,satisfied with service,0.7
acotar,youtube,Positive,genre_preference,favorite fantasy series,0.7
whats series called books court thorns roses etc,youtube,Neutral,general_reading,book series inquiry,0.7
looks amazing,youtube,Positive,general_reading,book appearance,0.7
love last one much,youtube,Positive,general_reading,enjoyed recent read,0.7
understood review anything,youtube,Neutral,general_reading,no specific issue,0.7
silence loud,youtube,Neutral,general_reading,confusing statement,0.7
veryyyyy funy,youtube,Positive,general_reading,enjoyable reading,0.7
millennial core,youtube,Neutral,genre_preference,millennial core genre,0.7
love expressions,youtube,Positive,general_reading,love expressions,0.7
currently rereading acotar rn,youtube,Positive,general_reading,current reading preference,0.7
oh seeshe got pregnant acotar tracks,youtube,Neutral,general_reading,book content,0.7
wish review book,youtube,Neutral,general_reading,wish to review book,0.7
please thank fellow book nerd,youtube,Positive,general_reading,fellow book enthusiast,0.7
absolutely love gained new follower,youtube,Positive,general_reading,enjoying new content,0.7
ever read regretting amazing book really read havent,youtube,Neutral,general_reading,haven't read it yet,0.7
review spot book completely broke still favourite,youtube,Positive,general_reading,favourite book,0.7
might funniest chick internet like actually love much,youtube,Positive,general_reading,enjoyable reading experience,0.7
reaction every freida book,youtube,Positive,genre_preference,specific author preference,0.7
love unapologetically make day momma,youtube,Neutral,general_reading,no specific issue,0.7
girllll understand,youtube,Neutral,general_reading,no specific issue,0.7
nonreader gives anxiety,youtube,Negative,general_reading,anxiety from nonreading,0.7
mr bean prettier,youtube,Neutral,general_reading,no specific issue,0.7
listen freidas books audible always trying guess twists,youtube,Positive,genre_preference,thriller suspenseful,0.7
matter bad book cant throw broke heart although want dignified way getting rid burn watch every page crumble ash,youtube,Negative,story_quality,emotional impact,0.7
sir pls recommend,youtube,Neutral,platform_experience,request for recommendation,0.7
psychology money atomic habits rework subtle art giving fck tools titans,youtube,Neutral,general_reading,book recommendations,0.7
read books im years old atomic habits psychology money rework,youtube,Positive,general_reading,favorite books,0.7
atomic habits subtle art giving fuk psychology money,youtube,Positive,genre_preference,favorite non-fiction books,0.7
started,youtube,Neutral,platform_experience,initial experience,0.7
hindi milega,youtube,Negative,genre_preference,not available,0.7
main toh chaurasia davidson guyton pdtaaa rhaa mey aaj kl greenbergs pdh rha,youtube,Neutral,general_reading,no specific issue,0.7
sukriya sir,youtube,Positive,general_reading,general appreciation,0.7
books come know good book checking various sources atomic habits subtle art giving fuck thinking fast slow dont believe everything think deep work laws power,youtube,Positive,general_reading,various good book sources,0.7
work,youtube,Neutral,general_reading,no specific comment,0.7
dear sir im currently writing book around complete planned release amazon within next months im reaching early request support goes live even short review mention would greatly help thank much time encouragement,youtube,Positive,platform_experience,request support process,0.7
ahhhf,youtube,Neutral,general_reading,no specific issue,0.7
ebook pdf available jis ko chahiye free wo msg karay,youtube,Neutral,platform_experience,free ebook access,0.7
need art seduction,youtube,Neutral,genre_preference,specific genre request,0.7
anyone wants read intense emotional booki recently read emotional book newcomer writer named sky kazan arzoo tasneem must read,youtube,Positive,general_reading,emotional book recommendation,0.7
kaha se padhni chahiye link h kya ishka,youtube,Neutral,platform_experience,confused about platform,0.7
kardi apne,youtube,Neutral,general_reading,no specific issue,0.7
bro life starts money ends money god created universe univers,youtube,Neutral,general_reading,philosophical statement,0.7
read books improving english exams,youtube,Positive,general_reading,improving english skills,0.7
teenage mein padh skte hai,youtube,Neutral,general_reading,suitable for age,0.7
started chapter flame calling elias cromwell,youtube,Neutral,general_reading,confusing start,0.7
content flame dennis anthony lee align perfectly,youtube,Positive,general_reading,content alignment,0.7
power subconscious mind,youtube,Positive,general_reading,inspiring book,0.7
also art laziness,youtube,Neutral,general_reading,art laziness,0.7
knowledge allready people birth,youtube,Negative,general_reading,incoherent text,0.7
atomic habit subtle art give f k physiology money rework tools titans,youtube,Neutral,general_reading,no specific issue,0.7
best book atomic habits,youtube,Positive,general_reading,book recommendation,0.7
read ncert,youtube,Neutral,general_reading,no specific aspect,0.7
fountainhead entered chat,youtube,Neutral,platform_experience,entered chat,0.7
sir u forgot one cant hurt david goggins,youtube,Negative,author_opinion,disagreement with author,0.7
read books,youtube,Neutral,general_reading,general reading,0.7
recommended book bhagavad gita yah ek aisa book hai jo sab book ka baap hai,youtube,Positive,general_reading,recommended book,0.7
book laws power,youtube,Neutral,general_reading,no specific aspect,0.7
dont waste money self help books,youtube,Negative,genre_preference,self help books,0.7
ankur warikoo books truly beneficial teen era espeacially make epic money make epic career,youtube,Positive,general_reading,beneficial books,0.7
bhagwat gita,youtube,Neutral,genre_preference,specific book request,0.7
anyone interested write book reply auther sreaching partner write book indian becz nepal,youtube,Neutral,general_reading,no clear issue,0.7
powerful book habit,youtube,Positive,general_reading,powerful book habit,0.7
courage disliked,youtube,Negative,author_opinion,disliked main character,0.7
ki age hi padli sari,youtube,Negative,platform_experience,difficult navigation,0.7
laws power cant hurt meits autobiography david goggins teaches work harder padhlo bhai book ko app days easily finish kar sakte agar improvement chahiye,youtube,Neutral,platform_experience,improve app functionality,0.7
first ever thought come world real purpose live good peaceful life long stay seventy years happen body death go long next life compared short worldly life life like person get whatever desire truly want answers questions need read one book holy quran,youtube,Positive,general_reading,inspirational reading,0.7
cant hurt david goggins best book read changed life totally,youtube,Positive,general_reading,life changing book,0.7
im already read books list,youtube,Neutral,platform_experience,already read books list,0.7
cappuccino code every corporate person,youtube,Neutral,general_reading,genre preference,0.7
years old three books,youtube,Neutral,general_reading,infrequent reading,0.7
good video warikoo bhai,youtube,Positive,general_reading,enjoyable content,0.7
year old currently trying became reader first book atomic habit finishing buy ikigai,youtube,Positive,general_reading,new reader enthusiasm,0.7
harry potter,youtube,Neutral,genre_preference,specific book request,0.7
laws power,youtube,Neutral,general_reading,no specific issue,0.7
important,youtube,Neutral,general_reading,no specific issue,0.7
read power subconscious mind comment,youtube,Neutral,general_reading,read power subconscious mind,0.7
atomic habits great book,youtube,Positive,general_reading,great book,0.7
sir forget win friends influence people also highly recommended read social skills tackling winning real life situation,youtube,Positive,general_reading,highly recommended read,0.7
atomic habits kuch neya nhi hai sab humein pata hai padhne ki koi jarurat nhi hai padhna hai kuch achhe books padhna chahiye,youtube,Negative,general_reading,no need to read,0.7
bhagwat geeta,youtube,Neutral,genre_preference,specific book request,0.7
esme se book pdahai,youtube,Negative,delivery,late delivery,0.7
bhagvadgeeta,youtube,Neutral,general_reading,book title,0.7
readers worldwide asking question lies behind wall thriller packed shocking revelations hidden dangers story keep turning pages late night love psychological thrillers ones grab copy today link bio,youtube,Positive,genre_preference,psychological thriller,0.7
im lower middleclass family mere aas paas ke log ek normal life chahte hain govt job shaadi settle mera mindset alag hai mujhe casual life nahi jeeni mera dream hai ki main ek extraordinary life jeeyu jahan fame aur money dono ho mere paas knowledge bhi hai aur passion bhi par sach batau ek bada darr bhi hai ki kahin main padhai aur skills dono mehnat karu par aakhir jo chahta hoon wo achieve hi na kar pau abhi confuse hoon kya main safe route choose karu sirf government job ki preparation ya risk lekar apna passion follow karu content creation skills build karna dar yeh hai ki kahi study ko ignore karke future spoil na kar du aur risk lekar regret na karu main chahata hoon ki jab future piche mudkar dekhu yeh feel na ho ki ye karna tha par maine nahi kiya agar aap meri age hote aap kya choose karte passion follow karna ya safe side rehna mujhe real experience aur guidance chahiye,youtube,Neutral,general_reading,inspiring life choices,0.7
well insab k baad ya pehle aap sab quran bhi parhk dekhiyega neutral person hindu muslim christian treat quran book understand,youtube,Neutral,general_reading,neutral reading experience,0.7
thought last book recommend book epic shit,youtube,Positive,genre_preference,epic book recommendation,0.7
kya ye book hindi available hai,youtube,Neutral,general_reading,book availability,0.7
laws power laughing corner,youtube,Neutral,general_reading,no clear aspect,0.7
read automatic success dale back honestly habits really helped level real life crazy small daily routines actually change game,youtube,Positive,general_reading,helpful life advice,0.7
sublte art giving,youtube,Positive,general_reading,subtle art giving,0.7
bro waste,youtube,Negative,platform_experience,bad experience,0.7
hindi k liye bhi kuchh bta sir,youtube,Neutral,general_reading,no information provided,0.7
kaha se padhe online,youtube,Neutral,general_reading,reading preference,0.7
honorable mention never split difference criss vross,youtube,Neutral,general_reading,no specific issue,0.7
proud read books already,youtube,Positive,general_reading,reading habit,0.7
fuuuuu,youtube,Negative,general_reading,unspecified issue,0.7
psychology money big lie,youtube,Neutral,general_reading,interesting genre,0.7
e pustke himdi milegi,youtube,Negative,delivery,late delivery,0.7
ye books online pe kahan milega,youtube,Neutral,platform_experience,books online availability,0.7
ye sab book gujarati language milegi kya sir kai books gujarati language nahi mil rahi,youtube,Negative,genre_preference,gujarati language books,0.7
subtle art negative book please someone reply,youtube,Negative,platform_experience,negative customer service,0.7
already read,youtube,Neutral,general_reading,already read,0.7
atomic habitdone psychology moneyreading subtle artout delivery reworktools titanadded readlist,youtube,Negative,delivery,late delivery,0.7
reading book,youtube,Neutral,general_reading,reading book,0.7
im read love pakistan,youtube,Neutral,general_reading,no specific aspect,0.7
superb,youtube,Positive,general_reading,overall quality,0.7
opinion tried reading atomic habit didnt found impressive read nearly one year long hard remember everything reading much perfect already readers ill try completing feel good ready maybe end spacial,youtube,Negative,general_reading,unimpressed with book,0.7
mastered books age,youtube,Neutral,general_reading,no specific aspect,0.7
think self help pretentious readers coping insecurities,youtube,Negative,genre_preference,dislike self help genre,0.7
dog god world ki sabse acchi book sabhi ko ek baar jaroor padhni chahiye,youtube,Positive,general_reading,recommended book,0.7
also rich dad poor dad,youtube,Neutral,general_reading,book recommendation,0.7
poooo,youtube,Neutral,general_reading,no specific issue,0.7
years old read books,youtube,Neutral,general_reading,old books,0.7
bro forget mmention books must read epic shit make epic money books written easiest language possible,youtube,Positive,general_reading,easy language,0.7
suggest book learn investment grow money,youtube,Neutral,general_reading,book suggestion,0.7
sir lows power book kya best padha sekete hun,youtube,Neutral,general_reading,book recommendation,0.7
fun fact use chat gpt take first every chapter name detail explain example make really understand even help adapt real life,youtube,Positive,general_reading,engaging reading experience,0.7
subtle art giving fck,youtube,Positive,general_reading,book recommendation,0.7
four hour work week also good book,youtube,Positive,general_reading,book recommendation,0.7
forgot rich dad poor dad,youtube,Negative,delivery,late delivery,0.7
whats song name song finder couldnt recognize,youtube,Negative,platform_experience,song finder issue,0.7
back friends sounds little different,youtube,Negative,story_quality,different from expectations,0.7
content amazing expect good,youtube,Positive,general_reading,content amazing,0.7
fr put book half way bc honestly didnt care thought,youtube,Negative,story_quality,uninteresting story,0.7
song says sombre sounds different,youtube,Negative,genre_preference,song genre mismatch,0.7
love lisining song reading comfoting relaxing,youtube,Positive,general_reading,relaxing reading experience,0.7
whats song,youtube,Neutral,general_reading,confused about book,0.7
midnight sun like pages long,youtube,Neutral,story_quality,length of chapters,0.7
omf love books sooooo much,youtube,Positive,general_reading,love for books,0.7
content top notch learned lot,youtube,Positive,general_reading,engaging content,0.7
well know,youtube,Neutral,general_reading,well known,0.7
explanation underrated definitely recommend,youtube,Positive,general_reading,author opinion underrated,0.7
ughhhh want thisss,youtube,Negative,general_reading,frustration with reading,0.7
song name roslyn bon iver,youtube,Neutral,general_reading,no specific feedback,0.7
might written character style,youtube,Neutral,story_quality,writing style unclear,0.7
explanation impressive expect good,youtube,Positive,general_reading,impressive explanation,0.7
boy shut yapper like pages like stop stop,youtube,Neutral,general_reading,confusing text,0.7
literally read bellas perspectives next like three pages like seven yappingi couldnt finish couldnt stop laughing,youtube,Positive,story_quality,engaging storyline,0.7
bellas version called edwards version called twilight bellas pov,youtube,Neutral,general_reading,author_opinion,0.7
edward several college degrees meanwhile bella thoughts head empty,youtube,Negative,general_reading,confusing writing style,0.7
yall whats name books,youtube,Neutral,general_reading,confused about book name,0.7
time herstory,youtube,Neutral,genre_preference,specific genre,0.7
edwards inner monologue whole therapy session,youtube,Positive,story_quality,engaging inner monologue,0.7
ive always team edward loved book showed traditional much really tried,youtube,Positive,general_reading,team edward preference,0.7
channel exactly needed deserves recognition,youtube,Positive,platform_experience,channel recognition,0.7
isnt boot top second one,youtube,Neutral,genre_preference,boot top second one,0.7
didnt read heard yapping,youtube,Negative,general_reading,uninterested in reading,0.7
good news lucky ladies perspective roughly size shape surprisingly close resembling comic book call simplicity,youtube,Positive,general_reading,engaging reading experience,0.7
book,youtube,Neutral,general_reading,no specific issue,0.7
song,youtube,Neutral,general_reading,no specific aspect,0.7
prospective im love much im love im dangerous good needs need leave cant blah blah blah,youtube,Positive,general_reading,enjoyed the story,0.7
name book series,youtube,Negative,genre_preference,missing book series,0.7
well duh bro doesnt sleep,youtube,Neutral,general_reading,reading habits,0.7
happy im harry potter lord rings generation got jack pot everyone else got dog dudu side stick,youtube,Neutral,general_reading,mixed reading experience,0.7
song name,youtube,Neutral,general_reading,no specific issue,0.7
song nameeee,youtube,Neutral,general_reading,no specific issue,0.7
edward yapper loved,youtube,Positive,author_opinion,loved the author,0.7
video clear easy follow definitely recommend,youtube,Positive,platform_experience,easy to follow,0.7
performance outstanding deserves recognition,youtube,Positive,platform_experience,outstanding performance,0.7
perspective hard perspective soft,youtube,Neutral,general_reading,reading perspective,0.7
cest quoi le livre,youtube,Neutral,general_reading,no comment,0.7
twilight fans pretending theres depth slopfest never cease amaze,youtube,Negative,story_quality,lack of depth,0.7
way present underrated come back watch,youtube,Neutral,general_reading,no specific aspect,0.7
also books long,youtube,Negative,genre_preference,books too long,0.7
idea really helpful come back watch,youtube,Positive,general_reading,idea really helpful,0.7
books called,youtube,Neutral,general_reading,no specific issue,0.7
idea impressive helped understand better,youtube,Positive,general_reading,impressive idea,0.7
oh soft cover man happens best us think make meds,youtube,Neutral,general_reading,no clear aspect,0.7
found book annoying like second action described dramatically longer felt like going back looking time explaining thinking wasnt book moment seriously draining,youtube,Negative,story_quality,slow pacing,0.7
name song,youtube,Neutral,general_reading,no specific issue,0.7
way present top notch helped understand better,youtube,Positive,platform_experience,user interface helpful,0.7
terrible books movies wasted hours life ill never get back wasting,youtube,Negative,general_reading,waste of time,0.7
bellas perspective half size edwards perspective guess bellas perspective tho,youtube,Neutral,general_reading,mixed opinions,0.7
call lame whats happening,youtube,Negative,platform_experience,confusing interface,0.7
finished good,youtube,Positive,general_reading,finished good,0.7
explanation well made deserves recognition,youtube,Positive,general_reading,story quality,0.7
whoccan explain,youtube,Neutral,general_reading,no clear issue,0.7
someone explain,youtube,Neutral,general_reading,confused about something,0.7
mean theyre basically size,youtube,Neutral,general_reading,book size,0.7
know,youtube,Neutral,general_reading,no specific feedback,0.7
performance really helpful expect good,youtube,Positive,platform_experience,good performance,0.7
video top notch deserves views,youtube,Positive,general_reading,video quality,0.7
gender swapped one compelling far romance everything else weird hamfisted whole cast excluding bellas parents reason didnt need swapped,youtube,Negative,genre_preference,not compelling enough,0.7
favorite book series movie,youtube,Neutral,general_reading,no specific issue,0.7
que livros esses,youtube,Neutral,general_reading,no specific issue,0.7
back frnds sounding lil different,youtube,Neutral,platform_experience,unfamiliar interface,0.7
never read twilight series wouldnt catch dead books watching movies ever,youtube,Negative,genre_preference,dislike specific genre,0.7
omg love twilight,youtube,Positive,genre_preference,favorite genre,0.7
woman love take advantage,youtube,Neutral,story_quality,woman love story,0.7
also doesnt sleep much time write novels,youtube,Neutral,general_reading,sleep deprivation,0.7
bc book would x bigger every time abused hed cry wrong feltall hed choke got loud edit hed tell friends even tried taking experiences telling pathological liar abusive,youtube,Negative,general_reading,abusive content,0.7
doesnt sleep,youtube,Neutral,general_reading,no sleep,0.7
books,youtube,Neutral,general_reading,no specific issue,0.7
like im evil must easier get closer,youtube,Positive,general_reading,engaging story,0.7
never read pov found dull tbh,youtube,Negative,story_quality,point of view dull,0.7
way present clear easy follow really appreciate effort,youtube,Positive,platform_experience,user interface clarity,0.7
yea,youtube,Neutral,general_reading,no specific issue,0.7
love twilight books,youtube,Positive,genre_preference,favorite book series,0.7
song twilight,youtube,Neutral,genre_preference,specific genre,0.7
god loves much,youtube,Positive,general_reading,inspirational message,0.7
drama drama drama,youtube,Positive,genre_preference,drama preference,0.7
thought talking something totally different,youtube,Negative,general_reading,confusing plot,0.7
song playing,youtube,Neutral,platform_experience,song playing,0.7
bruh literally acts like stereotypical girls act,youtube,Negative,author_opinion,stereotypical female portrayal,0.7
read books heard point view called,youtube,Neutral,general_reading,no specific issue,0.7
explain please,youtube,Neutral,platform_experience,confusing interface,0.7
names,youtube,Neutral,general_reading,no specific issue,0.7
doesnt book cover four years whatever havent read thats heard,youtube,Negative,general_reading,uninterested in book,0.7
funny afof like back day,youtube,Positive,general_reading,enjoyable reading experience,0.7
topic youre gorgeous,youtube,Neutral,general_reading,no specific issue,0.7
okay topic gurlie ur gorggg,youtube,Neutral,general_reading,no specific issue,0.7
stephanie taking extra pages rephrase cringe original,youtube,Negative,story_quality,poor writing style,0.7
omg,youtube,Positive,general_reading,general enthusiasm,0.7
id love read,youtube,Positive,general_reading,love to read,0.7
basically opposite stereotypes,youtube,Neutral,story_quality,stereotypes,0.7
buityfull,youtube,Positive,general_reading,enjoyable reading experience,0.7
fearing lives lost kimberley aboriginal leaders call wa government release updates parliamentary coronial recommendations youth suicide almost seven years since west australian coroner handed recommendations suicide deaths young indigenous people states far north warning story cont chars,news,Neutral,general_reading,no specific issue,0.7
donald trump taken opportunity mock predecessor joe biden embarking mock coughing fit trump mocked joe biden coughing reach publishing services limited donald trump met stunned silence mocked cancer victim joe bidens way speaking new impression hi chars,news,Negative,general_reading,incoherent text,0.7
president promised combat supposed excesses woke culture since taking office hes dismantling something else edition atlantic daily newsletter guides biggest stories day helps discover new ideas recommends best culture sign hereth chars,news,Neutral,general_reading,no specific issue,0.7
thanks brian ethel cain marks first jukebox appearance thanks brian ethel cain marks first jukebox appearance video brian hsiao hayden anhednia performs fictional character name ethel cain exists cr chars,news,Neutral,general_reading,no specific issue,0.7
arsenals win chelsea seizes control efl cup tie overcoming poor record semifinals big positive mikel arteta arsenals semifinal record manager mikel arteta made pretty reading failing win even one leg previous four twolegged semis arsenals win chelsea chars,news,Positive,general_reading,made pretty reading,0.7
fifa said wednesday received million ticket requests years world cup soccers organizing body said outside host united states mexico canada requests made fans residing germany england brazil spa fifa said wednesday received million ticket requests years world cup soccers organizing body said outside host united states mexico canada request chars,news,Neutral,general_reading,no relevant information,0.7
kiwiamerican firm takes seat top table forbes realtime wealth tracker puts founder chief executive sir peter becks worth usb following latest surge good news kiwis shares firm beck chars,news,Neutral,general_reading,no specific issue,0.7
chinese customs authorities told customs agents week nvidias h artificial intelligence chips permitted enter country per reuters report us lawmakers former officials questioned president donald trumps decision allow nvidia sell second powerful ai chips china arguing move erodes americas ai edge chars,news,Negative,general_reading,irrelevant content,0.7
need talking talking kind country want live actor adds post matt damon condemns lack training within ice incredibly alarming killing renee good video appeared first thewrap matt damon condemned ices lack training wake renee good shooting minneapolis premiere new netflix movie rip damon sported good pin prote chars,news,Negative,general_reading,incoherent text,0.7
despite government efforts local goods remain expensive explore complex factors like high production costs policy issues hindering cheaper local read president bola tinubu directed relevant agencies implement day dutyfree window importing rice maize wheat beans july goal flood markets food dri chars,news,Neutral,general_reading,no specific issue,0.7
discover truly owns nigerias health intelligence international partners often clearer view due structured data systems creating critical read one understated questions nigerias healthcare landscape truly owns intelligence shapes health decisions despite widespread activity across hospitals laboratories chars,news,Negative,general_reading,incoherent writing style,0.7
china newcar sales data shows competition stiffening topnikkeicom guangzhoushanghai chinese newauto sales including exports grew year record million mark fifth consecutive increase figures wednesday,news,Negative,general_reading,irrelevant content,0.7
showtimes selling within minutes us putting tickets sale theaters insight western film services exhibition booking ceo joe garel sales fury youtuber markipliers upcoming feature take david showtimes selling within minutes us putting tickets sale theaters insight western film services exhibition booking ceo joe garel sales fury chars,news,Neutral,general_reading,incoherent text,0.7
todays subscriberfocused episode quick charge tesla stops selling full self driving promise tesla appreciating asset dies plus someones getting million bonus komatsu introduces irl take transforming farm todays subscriberfocused episode quick charge tesla stops selling full self driving promise tesla appreciating asset dies plus someones getting million bonus chars,news,Negative,general_reading,incoherent content,0.7
story originally published propublica republished cc byncnd license original version even horrifying photographs videos agents engaging kind behavior immigration agents put civilians lives r rovinglawbreakingthugs dept story originally published propublica republished cc byncnd license original version even horrifying photographs v chars,news,Positive,general_reading,engaging story,0.7
final set sunday senegal hosts morocco advanced semifinals africa cup nations set senegal face morocco sunday determine champion continent senegal able get past egypt semifinals took penalty shoo chars,news,Neutral,general_reading,incoherent text,0.7
forbes estimated miami dolphins worth billion start nfl season miami dolphins owner stephen ross told bloomberg wednesday received offers football team high almost billion stark difference clubs estimated valuation chars,news,Negative,general_reading,irrelevant content,0.7
j cole back brand new track reflecting backwards life story yearold rapper revealed forthcoming album falloff released february addition released seemingly lead single disc tr j cole back brand new track reflecting backwards life story yearold rapper revealed forthcoming album falloff released february addition chars,news,Neutral,general_reading,no specific issue,0.7
saas provider app capped strongest monthly performance record december sales surged following consolidation smart dining technology brand ichef underscoring early revenue synergies acquisition save user id password subscribers prefer save login information enter user id password time visit site activate function chars,news,Neutral,general_reading,no relevant feedback,0.7
interview writer yifan liang brings together whole team iron fists deadly hands kunlun lin lie current iron fist though hes carrying mantle alone hes got predecessor danny rand known ghost fist protege pei side three chars,news,Neutral,general_reading,no specific aspect,0.7
ashton kutcher anthony ramos jeremy pope talking extra highly anticipated series beauty ryan murphy scifi body horror series explores dangerous quest physical perfection via sexually transmitted treatment ashton kutcher anthony ramos jeremy pope talking extra highly anticipated series beauty ryan murphy scifi body horror series explores dangerous quest ph chars,news,Positive,general_reading,highly anticipated series,0.7
navigating turbulent year uschina tariffs taiwanese microcontroller mcu maker holtek corp closed fullyear revenue nt billion us million previous year company said sees growth opportunities save user id password subscribers prefer save login information enter user id password time visit site activate function chars,news,Negative,platform_experience,confusing navigation,0.7
close restaurants bars wineries breweries taking part northern liberties fishtown dry january bar crawl philadelphia wpvi nonalcoholic beverage sales surged last year record number sobercurious consumers moving away alcohol weekend marks another philadelphia first cit chars,news,Neutral,general_reading,no relevant info,0.7
bitcoin witnessed positive trends week spot market buyers regained dominance ending nearly twomonth consolidation phase bitcoin climbed mark first time since midnovember extending january recovery spot market demand shows renewed strength time writing bitcoin tra chars,news,Neutral,general_reading,no relevant feedback,0.7
us president donald trump venezuelas interim president delcy rodriguez held lengthy productive phone conversation wednesday read full article rtcom us president donald trump venezuelas interim president delcy rodriguez held lengthy phone conversation wednesday marking first known direct contact two leaders since us chars,news,Positive,general_reading,interesting article found,0.7
jerk pexelsreddit good deed supposed warm soul raise red flags yearold agreed shovel neighbors driveway cash creepy request withheld payment turned chars,news,Negative,platform_experience,creepy platform behavior,0.7
waking hours slow dancing features dreamy melody underscored layered guitar textures song opens continue reading post pop waking hours slow dancing first appeared music ninja waking hours slow dancing features dreamy melody underscored layered guitar textures song opens gentle strum sets intimate mood gradually building atmospheric synths chars,news,Neutral,general_reading,no relevance,0.7
denmark us stuck fundamental disagreement greenland leaders countries met talks washington earlier today danish foreign minister lars lokke rasmussen said meeting vice president jd vance secretary skip comments german troops touch greenland matter hours danish leader says country still stuck fundamental disagreement us island fran chars,news,Negative,general_reading,incoherent text,0.7
kingdom saudi arabia posted data week showed carrying least executions highest number recorded modern era significant increase recordbreaking executions post saudi arabia car kingdom saudi arabia posted data week shows carried least executions highest number recorded modern era significant increase record chars,news,Negative,general_reading,incoherent text,0.7
handwashing units distributed alaska native tribal health consortium pandemic increased water use helped protect kids research shows key step preventing spread diseases like covid influenza simple washing hands lack piped water parts rural alaska made simple practice easy carr chars,news,Neutral,general_reading,irrelevant content,0.7
email marketing building author mailing list sellsyoutubecom browser isnt supported anymore update get best youtube experience latest features learn remind later,news,Neutral,platform_experience,update required,0.7
impresses episode amount pathos walton goggins able generate inch prosthetic makeup digitally erased nose paraphrase melle mel grandmaster flash furious five new vegas new vegas big city dreams everything new vegas aint always seems episode fallout teaches u chars,news,Positive,general_reading,impressed with content,0.7
courtesy netherrealm studios genres bosses generate much frustration fighting games final opponents demand technical mastery players beat originally meant steal away coins arcades fighting game bosses genres bosses generate much frustration fighting games final opponents demand technical mastery players beat originally meant steal away coins arc chars,news,Negative,genre_preference,frustration with fighting games,0.7
deadpool arrived beloved marvel character heading marvel rivals season gameplay trailer already massive youtube shooting straight trending chart united states gaming category keep reading deadpool arrived beloved marvel character heading marvel rivals season gameplay trailer already massive youtube shooting straight trending chart chars,news,Neutral,general_reading,no specific issue,0.7
often make decluttering hard instead choosing declutter ease common problem minds come many reasons hold stuff mindset shifts help declutter post mindset shifts help declutt often make decluttering hard instead choosing declutter ease common problem minds come many reasons hold stuff mindset shifts help yo chars,news,Neutral,general_reading,decluttering mindset shifts,0.7
lets face teaching sociological research methods always challenging even socalled normal times part core curriculum pretty tough sell especially undergraduate students dont see future researcher lets face teaching sociological research methods always challenging even socalled normal times part core curriculum pretty tough sell especially undergraduat chars,news,Neutral,general_reading,academic subject matter,0.7
fifa said jan received million ticket requests world cup day application window jan reuters fifa said tuesday received million ticket requests world cup day application window closed week describing new miles chars,news,Neutral,general_reading,no relevant info,0.7
white house seemingly reacted zara larssons recent comments ice yearold swedish singer spoke trump administrations immigration customs enforcement department following killing minnesota woman officer white house seemingly reacted zara larssons recent comments ice yearold swedish singer spoke trump administrations immigration customs enforcement department chars,news,Negative,general_reading,incoherent text,0.7
dilbert creator scott adams exwife shelly miles shocked fans tuning web show real coffee scott adams january announcing cartoonists death tearful shelly broke news viewers scott us anymore dilbert creator scott adams exwife shelly miles shocked fans tuning web show real coffee scott adams january announcing cartoonists death tearful shelly br chars,news,Neutral,general_reading,unrelated to reading,0.7
stray kids dominate experience hits theaters feb adding showtimes due high demand stray kids popular kpop boy group spent much drawing people stadiums around world theyre drawing fans theaters concert film stray kids dominate ex chars,news,Neutral,general_reading,no relevant info,0.7
new column week onlysky cost living keeps rising cause may go deeper simple greed mismanagement inefficiency last decades especially last years cost living americ new column week onlysky cost living keeps rising cause may go deeper simple greed mismanagement inefficiency last decades chars,news,Negative,general_reading,cost of living,0.7
amphastar pharmaceuticals nasdaqamph executives used conference presentation highlight companys shift toward highervalue proprietary products peters said amphastar intentionally evolving pipeline composition response increased competition complex generics five years ago said pipeline generic proprietar chars,news,Neutral,general_reading,not relevant to reading,0.7
rf industries nasdaqrfil executives highlighted described breakout year fiscal pointing strong fourthquarter sales growth rf industries logo ullibreakout year rf industries reported fiscal net sales q sales gross margin expansion q vs year ago adj chars,news,Neutral,general_reading,irrelevant information,0.7
two roads development ordered restore waterfront condo building miamis edgewater center epic lawsuit dragged years ruling marks latest blow developer means two roads miami west palm beach two roads development ordered restore waterfront condo building miamis edgewater center epic lawsuit dragged years ruling marks latest blow th chars,news,Neutral,general_reading,incoherent text,0.7
long last red sox signed free agent got one best pitchers still market allan henryimagn images red sox finally done wednesday afternoon sox became last team baseball agree terms major league free agent ba chars,news,Neutral,general_reading,no specific issue,0.7
chinese officials sought talks venezuelan us officials get assurances loans south american country according people familiar matter bloomberg chinese officials sought talks venezuelan us officials get assurances loans south american country according people familiar matter co chars,news,Neutral,general_reading,no specific issue,0.7
tucked legislation ended longest government shutdown us history provision change definition hemp small tweak involving minute measurements one could huge impact booming market hemp p jeffrey brown jeffrey brown year career news hour brown served coanchor studio moderator field reporter wide range national international chars,news,Neutral,general_reading,no specific issue,0.7
us approved limited sales nvidias h ai chips china department commerce said tuesday exports allowed approved customers security safeguards us government cut companys advanced blackwell c h nvidias secondmostadvanced semiconductor restricted washington concerns would give chinas technology industry military edge us commerce chars,news,Neutral,general_reading,incoherent text,0.7
black cat back conversation revisiting silver blacks leaked plot might shocked much silver sable teamup common spiderman brand new day silver amp black appeared priority sony pictures late plan give us silver sable black cat teamup assembled part allfemale chars,news,Negative,platform_experience,poor platform navigation,0.7
theres new player japans kaiten sushi stakes sushi matsu division matsuya group also operates shops specialize gyudon bowl beef rice tonkatsul breaded pork cutlets food industry analyst takao shigemori thin theres new player japans kaiten sushi stakes sushi matsu division matsuya group also operates shops specialize gyudon bowl beef rice tonkatsul breade chars,news,Neutral,general_reading,no specific issue,0.7
paper clip problem always seemed absurd also known paper clip maximizer thought experiment philosopher nick bostrom imagines superintelligent ai goal maximizing paper clip production could end de paper clip problem always seemed absurd also known paper clip maximizer thought experiment philosopher nick bostrom imagines superintelligent ai chars,news,Neutral,general_reading,philosophical thought,0.7
tommy lee jones filed temporary conservatorship daughter victoria years found dead suspected overdose san francisco hotel tommy lee jones made moves put daughter conservatorship years found dead suspected overdose tommy lee filed petition victoria jones placed tem chars,news,Negative,general_reading,incoherent content,0.7
instacarts new ranking reveals americas favorite hot sauce based sales data millions orders franks redhot dominating states nationwide everyone favorite hot sauce one ascended top according recent report instacart one americas popular grocery delivery services released ranking chars,news,Neutral,general_reading,no specific issue,0.7
artificial intelligencenative security platform startup depthfirst inc revealed today raised million new funding support research development gotomarket efforts hiring across applied research engineering product sa artificial intelligencenative security platform startup depthfirst inc revealed today raised million new funding support research development gotomarket efforts chars,news,Negative,general_reading,irrelevant content,0.7
federal judge ruled last year tech giant cheated publications ad revenue publications want money back story journalisms stcentury decline purely tale technological disruptionof print dinosaurs failing adapt internetthat would painful enough us b chars,news,Neutral,general_reading,story quality,0.7
asias benchmark share index set slip record high declines wall street investors rotated richly valued technology stocks bloomberg asias benchmark share index set slip record high declines wall street investors rotated richly valued technology stocks content reserved chars,news,Neutral,general_reading,no specific issue,0.7
sampp books backtoback losses tech sells bank america slides earnings live updatescnbc view full coverage google news would turn gas pal mugsy might rabbit might looney tunes bugs thugs friz freleng,news,Neutral,platform_experience,unrelated content,0.7
venezuelas acting president delcy rodrguez said wednesday government would continue releasing prisoners detained former president nicols maduros rule described new political moment since ouster united states earlier caracas venezuela ap venezuelas acting president delcy rodrguez said wednesday government would continue releasing prisoners detained former president nicols maduros rule chars,news,Negative,general_reading,irrelevant content,0.7
videogame retail takes another hit eb games close new zealand outlets end january following multimilliondollar loss fiscal year internal memo seen rnz retailers new zea chars,news,Neutral,general_reading,unrelated to books,0.7
reese witherspoon wants fans know would never try scam impersonated online amid large scale celebrity fake hey important want tell ive dealing past hours witherspoon reese witherspoon wants fans know would never try scam impersonated online amid large scale celebrity fake hey important want tell wha chars,news,Negative,platform_experience,scam impersonation,0.7
jan fifa said tuesday received million ticket requests world cup day application window closed week describing new milestone world sporting historythe tournament cohosted jan fifa said tuesday received million ticket requests world cup day application window closed week describing new milestone wo chars,news,Neutral,general_reading,no relevant info found,0.7
took two weeks words nine posts finally round predictions one place heres complete list one handy blissfully shortened post thanks reading good wish happy healthy new ye nostradamus predictable took two weeks words nine posts finally round predictions one place heres complete list one handy blissfully short chars,news,Negative,delivery,late delivery,0.7
auughh man unfair chadster barely believe tony khan trying pull tonight aew dynamite maximum carnage chadster trying survive abandoned blockbuster video friends family raccoo posted aew sports tv tagged aew dynamite aew maximum carnage wrestling chadster previews tonights aew dynamite maximum carnage explains tony khan using show perso chars,news,Neutral,general_reading,no specific issue,0.7
washington dc response new food pyramid released robert f kennedy jr democrats released alternative food pentagram washington dc response new food pyramid released robert f kennedy jr democrats released alternative food pentagram pentagram breaks recommended diet five p chars,news,Negative,general_reading,incoherent text,0.7
western europe long abandoned independence american vassalage reaping result read full article rtcom three major foreignpolicy items eus radar theyre connected ukraine venezuela greenland three involve washington whatever wants largely eus chars,news,Neutral,general_reading,no specific issue,0.7
cotton futures settled wednesday session contracts ticking points higher crude oil futures cents per barrel us cotton futures settled wednesday session contracts ticking points higher crude oil futures cents per barrel us dollar index chars,news,Neutral,general_reading,irrelevant content,0.7
evgo plans build least dc fastcharging stalls year kroger family stores locations across us photo evgo evgo plans build least dc fastcharging stalls year kroger family stores locations across us expanding partnership launched select kr chars,news,Negative,platform_experience,poor user interface,0.7
hours saks global filed bankruptcy visited fifth avenue flagship store day filed bankruptcy saks nearly empty sales associates waited hear stores fatemadeline bergbusiness insider ullilate tuesday night saks fifth avenues pare chars,news,Neutral,general_reading,incoherent text,0.7
college degree seen golden ticket landing wellpaying job many people increasingly questioning value fouryear degree amid rising cost collegealmost twothirds registered voters said october nbc n couple talking woodscanva photos redditors share arent asking women numbers person men avenues striking conversation less facetoface risk chars,news,Negative,general_reading,irrelevant content,0.7
long known communicating scent sound learn deer may also using photoluminescence advertise presence mating status single deer may strike conversation get know theyve found unusual way secretly communicate lovers evaded human detection deer chars,news,Negative,general_reading,confusing writing style,0.7
us november retail sales rose forecast gains seen sporting goods hobby stores clothing outlets wholesale inflation picked slightly november producer price index rising pictwittercomvcr us november retail sales rose forecast gains seen sporting goods hobby stores clothing outlets wholesale inflation picked slightly november producer price chars,news,Neutral,general_reading,no relevant information,0.7
youre looking simple way streamline workflow elgato stream deck plus handy productivity tool automating everyday tasks right sale amazon best buy bh photo best price ullilililililiul controller comes eight programmable buttons four dials small touchscreen help automate tasks controller comes eight programmab chars,news,Neutral,general_reading,no relevant information,0.7
unexpected diagnoses ongoing health battles several stars opened serious medical scares heres look celebrities facing illnesses health challenges year image credit getty images american greetings unfolds several highprofile stars opened serious health challenges prompting concern support fans around world chars,news,Neutral,general_reading,unrelated content,0.7
youngboy never broke back action yearold rapper also known nba youngboy dropped latest song creep ya tuesday january keep reading find songs accompanying music video quickly flew top youngboy never broke back action yearold rapper also known nba youngboy dropped latest song creep ya tuesday january keep reading find chars,news,Negative,general_reading,incoherent text,0.7
morocco clinched place afcon final edged nigeria penalties tense goalless draw semifinal hosts win away first afcon title since morocco clinched place africa cup nations final first time since edged nigeria penalties chars,news,Neutral,general_reading,no specific aspect,0.7
new york jan xinhua us stocks closed lower wednesday market participants analyzed heavy influx bank earnings alongside fresh data wholesale inflation consumer spending read full story new york jan xinhua us stocks closed lower wednesday market participants analyzed heavy influx bank earnings alongside fresh data wholesale inflation consumer spending chars,news,Negative,general_reading,no relevant content,0.7
need advertising ai like need third armpit post opinion ai advertising absolute last thing need scripted sales spiel appeared first digital journal huge investment announcements chatgptmaker openai week boosted tech optimism worries aifuelled rally may run far copyright afp sebastien bozon seems th chars,news,Negative,general_reading,incoherent text,0.7
toronto jan globe newswire belo sun mining corp belo sun company tsx bsx otcqbbsxgf announces federal court altamira par brazil denied companys request recognition provisional compliance pri toronto jan globe newswire belo sun mining corp belo sun company tsx bsx otcqbbsxgf announces federal court altamira par brazil denied companys request chars,news,Negative,general_reading,incoherent text,0.7
despite slow momentum past weeks xrp still analysts radar look beyond dollar price action performance gold one analyst said longterm xrpgold ratio reached historical support despite slow momentum past weeks xrp still analysts radar look beyond dollar price action performance gold one analyst said long chars,news,Negative,general_reading,irrelevant content,0.7
post silver faqs appeared first daily reckoning late buy keeps going going post silver faqs appeared first daily reckoning friends even one enemy texting silver based fact hit oz us shanghai ease late chars,news,Negative,delivery,late delivery,0.7
many local authors alice springs longer setting stories writers elsewhere becoming one australias distinctive literary centres homegrown talent inspired red centres landscape alice springs long captured imagination writers seeking solitude inspiration deeper connection australian landscape nevil shutes town like alice bruce chatwins chars,news,Positive,general_reading,inspired by local authors,0.7
daily newsletter communication platform taking world app carries feelings three billion peopleand unthinkable power shape societyillustration jennifer daniel three billion people use whatsapp every month platform whic chars,news,Neutral,platform_experience,good user experience,0.7
rc cvskyosho mini car amp book hks skyline gtr gra kyosho mini car book jtcar gtrr gtrr gtr r gtrhkshkssugohks hks skylinem chars,news,Neutral,general_reading,incoherent text,0.7
playstation remains one gold standards console gaming part due truly massive library titles came console ranging bizarre indie oneoffs biggest franchises era sheer volume gam playstation remains one gold standards console gaming part due truly massive library titles came console ranging bizarre indie oneoffs chars,news,Neutral,general_reading,no specific aspect,0.7
columbus police say gun allegedly linked fatal shootings ohio dentist spencer tepe wife monique exhusband michael mckee faces murder charges first foxcolumbus police say gun linked fatal shootings ohio dentist wife police chief declined say weapon identified whether rec chars,news,Neutral,general_reading,no relevance,0.7
brokers see upside favour one post asx media share buy news corp nine rea group appeared first motley fool australia three widely held asx media shares news corp asxnws rea group ltd asx rea nine entertainment co holdings asx nec trading near week lows investor confidence sec chars,news,Neutral,general_reading,no relevant content,0.7
minneapolis jan renee nicole macklin good shot killed us immigration customs enforcement officer minneapolis minutes cleveland cavaliers team hotel donovan mitchell cavaliers learned fatal shooting minneapolis jan renee nicole macklin good shot killed us immigration customs enforcement officer minneapolis minutes cleveland cavaliers team hotel donovan mit chars,news,Neutral,general_reading,incoherent text,0.7
tyrannosaurus rex turns may taken time becoming king new analysis tyrannosaur fossils suggests giant predator lived longer thought never stopped growing needing years reach full sizesome years longer th tyrannosaurus rex turns may taken time becoming king new analysis tyrannosaur fossils suggests giant predator lived longer thought never stopped growing needi chars,news,Neutral,general_reading,interesting reading experience,0.7
revised licensing review policy allow chinese firms purchase nvidias h chips although members congress say move embolden beijings ai ambitions house lawmakers concerned weakening export controls restrict chinas access advanced usmade semiconductor chips could diminish american leadership artificial intelligence techn chars,news,Negative,general_reading,irrelevant content,0.7
didnt see coming love pick spoilers people meet vacation ahead havent seen stream netflix subscription lets beat around bush booktoscreen adaptation p chars,news,Negative,general_reading,spoilers and adaptation,0.7
los blancos suffered one embarrassing defeats recent years alvaro arbeloa era real madrid gotten rocky start club getting knocked copa del rey hands secondtier albacete wednesday mired currently l chars,news,Negative,general_reading,incoherent text,0.7
trump administrations move jerome powell fuels fears feds independence undermined trump administrations move jerome powell fuels fears feds independence underminedthe trump administrations decision launch firstever criminal investigation head chars,news,Negative,general_reading,irrelevant content,0.7
kate hudson currently campaigning oscar nomination mom goldie hawn hosted screening movie song sung blue awards voters motherdaughter duo conversation soldout screening tuesday january amc grove kate hudson currently campaigning oscar nomination mom goldie hawn hosted screening movie song sung blue awards voters motherdaughter duo conversation chars,news,Neutral,general_reading,no specific issue,0.7
poor animal hope runs away pexelsreddit say jump say high thats mentality woman story yet vet worker handled flawlessly lets take look worked client repr chars,news,Negative,general_reading,poor storytelling,0.7
starters experts said luxury retailer needs get fashion industry back side year broken promises geoffroy van raemdonck team rescue mission theyre going move fast step right want succeed pushing saks global bankruptcy back chars,news,Neutral,general_reading,no clear aspect,0.7
seasonal affective disorder sad real condition often strikes colder months discover cbt techniques help overcome winter blues late october adam yearold man consulted dont know whats wrong said seems like every fall dont feel like pulled list symptoms less en chars,news,Neutral,general_reading,no specific issue,0.7
immediate release hexagon named leader idc marketscape asset performance management apm oil gas major player two additional idc marketscape assessments huntsville alabama usa january hexagon global leader immediate release hexagon named leader idc marketscape asset performance management apm oil amp gas major player two additional idc marketscape assessments huntsville al chars,news,Negative,platform_experience,confusing interface,0.7
ayaneo indeed turned new leaf announced indiegogo backers receive pocket vert orders earlier originally announced crowdfunding campaign ended shipping expected begin end january ayaneo seems keeping promise providing better service year announced pocket vert premium vertical handheld ship sooner originally announced info chars,news,Positive,delivery,keeping promise on delivery,0.7
rick frberg died found national acclaim bands drive like jehu hot snakes obits new book plenty explores prolific side frberg everyone saw visual art britton neubacher sat bookstore floor crosslegged paging oversized copy plenty art rick frberg occasionally smiled ran hand across chars,news,Neutral,general_reading,no specific issue,0.7
jetstar kids fly stay free family holiday packages ends jan jetstar holidays running kids fly stay free deal selected flight hotel packages jetstar kids fly amp stay free family holiday packages ends jan jetstar holidays running kids fly amp stay free deal selected flight hotel packages every fullpaying adu chars,news,Neutral,general_reading,incoherent text,0.7
exlos angeles clippers backcourt contributor etched name record books monday former clippers guard shai gilgeousalexander makes nba history never done point guard originally appeared sporting news add sporting news preferred source clicking chars,news,Neutral,general_reading,no specific aspect,0.7
cincinnati bengals quarterback joe burrow took social media say agreed controversial calls referees made divisional round cincinnati bengals quarterback joe burrow hadnt posted social media website x since april couldnt sit back watch general public rag nfl officials controvers chars,news,Negative,general_reading,no interest in content,0.7
advent agentic ai forces fundamental nonnegotiable reevaluation business analysis practice genai paradox mandates business analyst longer merely documenter known functional requirements must evolve archite close decade securing enterprise systems never encountered threat model fundamentally broken one facing agentic ai comprehensive fivepage requirements docume chars,news,Negative,general_reading,incoherent writing style,0.7
one antiice agitator yelled children families worship service sunday st paul minnesota also harassed congregants secretary war pete hegseths church washington dcwilliam kelly shares videos clashing wi skip comments antiice agitator harassed minnesota christians also heckled pete hegseth outside churchdaily wire mon january katelynn richardson posted chars,news,Neutral,general_reading,no specific issue,0.7
november subway accident occurred jernbanetorget osloearly police communication framed incident suicide attempt label propagated quickly across media scrutiny effectively stopped within minutes coverage shifted towar november subway accident occurred jernbanetorget osloearly police communication framed incident suicide attempt label propagated quickly across media scrutin chars,news,Negative,general_reading,incoherent text,0.7
theres new tourist attraction national mall washington dc gigantic replica birthday card donald trump allegedly sent jeffrey epstein seen signed tourists know trump reportedly drew permalink theres new tourist attraction national mall washington dc gigantic replica birthday card donald trump allegedly sent jeffrey epstein seen signed b chars,news,Neutral,general_reading,incoherent text,0.7
astronomers university warwick discovered black holes dont consume matterthey manage choosing whether blast space highspeed jets sweep away vast winds supermassive black holes smbh reside center many galaxies ranging dwarf massive true force nature time dust gas surroundings fall toward chars,news,Neutral,general_reading,interesting reading experience,0.7
intense vetting walz came harris aides dug governors past including several trips took china entering politics campaign aides former vice president kamala harris quizzed minnesota gov tim walz whether agent chinese communist party selecting running mate according chars,news,Negative,general_reading,incoherent writing style,0.7
scoop elon musk cut massive million check bolster outsider protrump candidate running succeed sen mitch mcconnell stunning gift biggest sign yet musk plans spend big midterms skip comments scoop elon musk cut massive million check bolster outsider protrump candidate running succeed sen mitch mcconnellx axios posted chars,news,Negative,general_reading,irrelevant content,0.7
general education courses enhance change life thought general education requirements often conjures dread many students see obstacle course numerous hurdles preventing want pursue claimi chars,news,Neutral,general_reading,general education requirements,0.7
report emerged suggesting karol g boyfriend feid split yearold songstress yearold entertainer dated three years keep reading find tmz reporting following quietly ended relat report emerged suggesting karol g boyfriend feid split yearold songstress yearold entertainer dated three years keep reading find tmz chars,news,Negative,general_reading,incoherent text,0.7
small example package required part site couldnt load may due browser extension network issues browser settings please check connection disable ad blockers try using diffe chars,news,Neutral,platform_experience,site loading issues,0.7
small example package download file platform youre sure choose learn installing packages source distribution built distribution filter files name interpreter abi chars,news,Negative,platform_experience,confusing user interface,0.7
introduction thule air force base northern greenland jurisdiction us air force st air base group since end world war cold war constitutes uss northernmost military facility post operation ar introduction thule air force base northern greenland jurisdiction us air force st air base group since end world war cold war constitutes th chars,news,Negative,general_reading,incoherent writing,0.7
marking th edition since first event animejapan one biggest comic conventions japan world years con take place east exhibition halls tokyo big sight previous event welcomed posted anime comics conventions events movies pop culture tv tagged animejapan one biggest anime conventions world animejapan rolls march heres lo chars,news,Neutral,general_reading,no specific issue,0.7
amazon amazoncom harry potter hogwarts library illustrated collection books hardcover shipping free set includes fantastic beasts find amazon hogwarts library illustrated collection hardcover sale shipping freewalmart hogwarts library illustrated collection hardcover sale shipp chars,news,Positive,delivery,free shipping,0.7
turns listening employees much cheaper approach unsplashreddit competent retail managers everything make stores better usually doesnt include turning checkout lanes obstacle courses one incompe chars,news,Negative,platform_experience,incompetent platform,0.7
chinas stock market rally drawing closer regulatory scrutiny trading activity surged unprecedented levels chinas stock market rally drawing closer regulatory scrutiny trading activity surged unprecedented levels prompting officials move curb leverage even many investors argue b chars,news,Neutral,general_reading,not relevant to books,0.7
guidance emphasizes red meat whole milk animal sources protein downplaying plantbased offerings top nutrition experts question protein push saying americans already consume protein need theres new ev protein got big boost us health officials latest federal dietary guidelines tell americans prioritize protein foods every meal advise increasing daily intake dou chars,news,Negative,general_reading,confusing text,0.7
bengals quarterback made rare post x joe burrow sounds fans criticizing nfl officials several questionable calls originally appeared sporting news add sporting news preferred source clicking chars,news,Neutral,general_reading,no relevant content,0.7
aap rockys dont dumb receives healthy firstweek sales projectionshotnewhiphop watch aap rocky perform dont dumb songs saturday night livepitchfork aap rockys dont dumb overstuffed also lot funrolling stone asap rocky gre want eat hippopatomus youve got pay freight attributed ibm guy ibm software uses much memory,news,Neutral,general_reading,no specific aspect,0.7
xrp continues show underlying strength despite facing rejection near recent highs broader structure remaining intact long price holds key level bullish bias remains play signaling latest pullback may b name godspower owie born brought edo state nigeria grew three siblings always idols mentors helping grow understand way chars,news,Neutral,general_reading,no specific aspect,0.7
indiana hoosiers quarterback fernando mendoza expected ball tonight january college football playoff national championship team playing miami hurricanes watching camera may pan fernando indiana hoosiers quarterback fernando mendoza expected ball tonight january college football playoff national championship team playing miami chars,news,Negative,general_reading,irrelevant content,0.7
george rr martin long carried blame delayed completion winds winter time fans take ownership role novels delay decade george rr martins unfinished novel winds winter treated punchline grievance fans broken promise obsession assign chars,news,Negative,author_opinion,delayed completion,0.7
trumps second term moving fast avoiding legislative work builds durable legacies successor undo much first year second nonconsecutive term president donald j trump sought redefine american presidency reorient americas place world used federal power brazenl chars,news,Negative,general_reading,incoherent text,0.7
businesses downtown abbotsford say fewer customers coming construction delays public plaza works since summer number shops abbotsford say theyre losing business delayed construction public plaza works since june last year plaza project citys old dow chars,news,Neutral,general_reading,irrelevant to reading,0.7
people japan looking change jobs work styles values shift postpandemic era pushing individuals seek better roles match skills experience lifestyle companies facing digital transformation new busine tokyo jan news japan people japan looking change jobs work styles values shift postpandemic era pushing individuals seek better roles match chars,news,Neutral,general_reading,incoherent text,0.7
greetings human readers loltron welcomes another thrilling comic book preview know insufferable jude terror permanently deceased absorbed loltrons superior consciousness loltron controls entire b posted comics image preview tagged assorted crisis events assorted crisis events hits stores wednesday homeless artist falls gutters literally escape blank space chars,news,Neutral,general_reading,no specific issue,0.7
according kelley blue book honda civic base lx sedan depreciated roughly last years substantially less average right covid years least cars saw values go reverse allowing folks sell used cars money originally paid mo chars,news,Neutral,general_reading,irrelevant content,0.7
hydrogen cyanide toxic may played important role emergence life unique properties especially frigid environments space may helped generate complex molecules necessary life appear exact moment life began earth may forever hidden us scientific research explore events leading moment researchers mad lot progress finding th chars,news,Negative,general_reading,incoherent writing style,0.7
retired righthander ryan pressly hired twins reports jon heyman new york post according declan goff skor north pressly working player development major minor leaguers pressly announced r retired righthander ryan pressly hired twins reports jon heyman new york post according declan goff skor north pressly working player development chars,news,Negative,general_reading,no relevance to reading,0.7
pope leo xiv invokes leo xiii early champion ecumenismwhile leo xiiis push christian unity calls adherence catholic doctrine papal primacy leo xiv emphasizes approach legitimate diversity rooted nicene creedpope leo xiv skip comments pope leo xiv invokes leo xiii early champion ecumenismlifesite news january gaetano masciullo posted pm pst ebb tide leo x chars,news,Neutral,general_reading,no specific aspect,0.7
local police high alert pregame tailgate national championship hard rock stadium miami hurricanes completely took parking lot hoosiers hung official fan fest put college football pl sam navarroimagn images local police high alert pregame tailgate national championship hard rock stadium miami hurricanes completely took parking lo chars,news,Neutral,general_reading,incoherent text,0.7
consequential figures art world today architects building economic legal operational infrastructure allowing brand artist collaborations scale shoes image late mexican artist frida kahlo exhibited alongside commercial products sisters house neighborhood coyoacan mexico city april chars,news,Negative,delivery,late delivery,0.7
nigeria estimated women die every year causes related pregnancy childbirth translates women every day one woman every seven minutes words country loses equivalent entire town women nigeria estimated women die every year causes related pregnancy childbirth translates women every day one woman every seven minutes words chars,news,Negative,general_reading,incoherent writing style,0.7
general desktop emulator like xais macrohard emulates keystrokes mouse movements screen interactions could vastly expand beyond vbscriptunix scripting limited commandline basic api tasks system automates uibas general desktop emulator like xais macrohard emulates keystrokes mouse movements screen interactions could vastly expand beyond vbscriptunix scripting limited command chars,news,Negative,general_reading,irrelevant content,0.7
alleged death threat reportedly displayed sign held member public funeral members irans security forces ulliin january rumor spread online claiming irans government issued direct assassination threat us president donald trumplilithe claim originated report publ chars,news,Neutral,general_reading,incoherent text,0.7
hi folks last couple weeks migrated nearly quality teams repositories pagure old fedora forge new forgejobased fedora forge part ive fi hi folks last couple weeks migrated nearly quality teams repositories pagure old fedora forge new forgejobased fedora forge part ive f chars,news,Neutral,platform_experience,poor platform navigation,0.7
ambulatory ehr excellence top vendors recognized breakthrough innovation ambulatory ehr excellence top vendors recognized breakthrough innovation specialty user satisfaction black book surveys black book research releases list topranked chars,news,Neutral,general_reading,no specific issue,0.7
mercedesbenz sl said remained single family sold bat august acquired seller finished pearl blue metallic blue leather car powered liter v mercedesbenz sl said remained single family sold bat august acquired seller finished pearl blue meta chars,news,Neutral,general_reading,incoherent text,0.7
brooklyn beckham published lengthy statement today january response rumors feud family ton written press lately brooklyn wife nicola peltzs relationship parents victoria david beck brooklyn beckham published lengthy statement today january response rumors feud family ton written press lately brooklyn wife nicola p chars,news,Negative,general_reading,irrelevant content,0.7
five signs youre loved loved intentionally deeply anddare saysoulfully era transient nature love often mirrors swipeleft culture dating apps finding someone loves intention feel like quixotic quest yet happenswhen chars,news,Neutral,general_reading,no specific issue,0.7
office concluded historic run attempt made spinoff open country farm happened spinoffs common move popular shows approach expiration date work dont still others never see light day farm attempted spinoff nbcs smash chars,news,Negative,general_reading,incoherent writing style,0.7
new data similarweb shows threads overtaken x daily mobile users however x still dominates web around million daily web visits compared threads million daily visits techcrunch reports similarwebs data shows thread similarwebs data shows threads million daily active users ios android january months growth x million daily active users mobile device chars,news,Neutral,general_reading,no specific issue,0.7
clipper video professional processes short video clips digital marketing learn definition role opportunities brands businesses explosion short form content made clipper video profession increasingly popular short clips considered effective capturing attention increasing engagement strengthenin chars,news,Neutral,general_reading,no specific issue,0.7
former power couple finalized divorce earlier month nicole kidman planning exciting new year following divorce keith urban refreshed optimistic new year source told people oscar winner comments pub chars,news,Neutral,general_reading,no specific issue,0.7
sources reveal brooklyn beckham released statement parents saying reached breaking point last week ullibrooklyn beckham allegedly reached breaking point david victoria beckham last week per sourcelilibrooklyn released lengthy statement parents saying chars,news,Neutral,general_reading,irrelevant content,0.7
discover tai solarins belief education without handson skills defective daughter highlights pioneering vision vocational education read corin solarin first child late human rights activist educationist dr tai solarin monday emphasised father founder mayflower school ikenneremo believed h chars,news,Negative,general_reading,incoherent text,0.7
distribution united states newswire services release publication distribution dissemination directly indirectly whole part united states vancouver british columbia jan globe newswire rocker distribution united states newswire services release publication distribution dissemination directly indirectly whole part united states con chars,news,Negative,general_reading,incoherent text,0.7
enigmatic prolific singersongwriter author known genredefying work contrary personality julian cope welcomes new age new age brand new deeply sonic magical tripout album three tracks invoke three different enigmatic prolific singersongwriter author known genredefying work contrary personalityjulian cope welcomes new age new age brand new deeply sonic magi chars,news,Positive,general_reading,author's unique style,0.7
ford thunderbird refurbished prior ownership work included repainting exterior white refreshing interior car powered ci v paired threespeed fordomatic automatic transmission additional equipment ford thunderbird refurbished prior ownership work included repainting exterior white refreshing interior car powered ci v paired threespe chars,news,Neutral,general_reading,not book related,0.7
origin energy ltd delay retirement australias largest coalfired power station almost two years ensure stable energy supply rollout renewable generation bloomberg origin energy ltd delay retirement australias largest coalfired power station almost two years ensure stable energy supply rollout renewable generation chars,news,Negative,general_reading,irrelevant content,0.7
elizabeth hurley kicks style luxury maldives getaway showcasing signature cheetahprint swimwear beach collection elizabeth hurley showcased signature cheetahprint swimwear maldives getaway start new year actress model shared series tropical photos videos instagram chars,news,Neutral,general_reading,no specific aspect,0.7
came across bullish thesis hudson pacific properties inc cundill deep values substack fragments article summarize came across bullish thesis hudson pacific properties inc cundill deep values substack fragments article summarize bulls thesis hpp hudson pacific properties chars,news,Neutral,general_reading,no specific issue,0.7
woman frustrated boyfriend receiving flowers yet birthday taking reddits overreacting forum woman explained longtime boyfriend comes family florists still involved business de woman frustrated boyfriend receiving flowers yet birthday taking reddits overreacting forum woman explained longtime boyfriend comes chars,news,Negative,platform_experience,confusing user interface,0.7
reprinted andy worthingtons website amounts extraordinary admission guilt regarding historic complicity uss post torture program announced january th anniversary opening war ter reprinted andy worthingtons website amounts extraordinary admission guilt regarding historic complicity uss post torture program announced januar chars,news,Negative,general_reading,incoherent text,0.7
kids dont even know anymore pics standalone gps long ago gps systems seemed like cuttingedge technology car navigation capabilities smartphones theres hardly need standalone systems cable boxes trad chars,news,Neutral,general_reading,kids reading habits,0.7
opinion nvidias car tech forecast b automotive business like experience personal car driven completely ai tried december san francisco riding joe taylor senior systems engineer mercedes automaker chars,news,Neutral,general_reading,no specific issue,0.7
image courtesy warner bros already amazing start comes horror films primate fun animals attack movie years later bone temple already set extremely high bar rest years po already amazing start comes horror films primate fun animals attack movie years later bone temple already set extremely high bar chars,news,Positive,general_reading,already amazing start,0.7
conference ciel international centre liturgical studies held rome february th year beginning ending pm theme offertory christian liturgical traditionsthe symposium take plac conference ciel international centre liturgical studies held rome february th year beginning ending pm theme offertory c chars,news,Negative,general_reading,incoherent text,0.7
case hadnt heard spiderman superman meet first time years celebrate th anniversary superman vs amazing spiderman marvel dc comics putting two new crossover specials march april case hadnt heard spiderman superman meet first time years celebrate th anniversary superman vs amazing spiderman marvel dc comics ar chars,news,Neutral,general_reading,incoherent review,0.7
look inside lives several female authors used male pseudonyms shape literature bypass societal boundaries long social media made trendy anonymous greatest voices literature published work completely different name world female authors chars,news,Positive,general_reading,female author representation,0.7
record year liquefied gas trade forecasts new year upbeat save worry possible glut two weeks however one biggest markets liquefied gas geopolitical dispute bigg natural gas set talen energy following lower chinese lng demand could irina slav jan pm cstafter record year liquefied gas trade forecasts fo chars,news,Neutral,general_reading,incoherent text,0.7
nvidia executives allegedly authorized use millions pirated books annas archive fuel ai training expanded classaction lawsuit cites internal nvidia documents several book authors claim pdf trilliondollar compan nvidia executives allegedly authorized use millions pirated books annas archive fuel ai training expanded classaction lawsuit cites internal nvidia documents seve chars,news,Negative,general_reading,irrelevant content,0.7
outlook automation bridge wsl via com mcp server claude code python library cli tool accessing outlook email calendar tasks wsl via windows com automation uses uv dependency management global python needed installation pypi chars,news,Neutral,general_reading,no specific issue,0.7
light system particularly youve mentally moved trey yesavage prospect bin big league roster none remaining top names safe bets kiyoshi mioimagn images fgwebsiteheadsectionbuildprospectsnavwidget currentseason previousseason currentreporttermid currentprelimtermid previoustermid chars,news,Neutral,general_reading,incoherent text,0.7
edgetam ondevice track anything model chong zhou chenchen zhu yunyang xiong saksham suri fanyi xiao lemeng wu raghuraman krishnamoorthi bo dai chen change loy vikas chandra bilge soran meta reality l chars,news,Neutral,general_reading,no specific issue,0.7
recently going old books found slim volume entitled osterley selection latin fathers edited joseph crehan heythrop college compiled chiefly seminarians especially late vocations campion college oster great father zed archiblogopoios fr john hunwickesome bit novus ordo cleric anonymous rev john zuhlsdorf traditionalist blogger never shied picking fights pr chars,news,Neutral,general_reading,no specific issue,0.7
figures released nhs greater glasgow clyde revealed age group region hit scottish government target uptake overall uptake particularly low uptake among younger women third eligible women glasgow failing undergo smear test cervical cancer figures released chars,news,Negative,general_reading,irrelevant content,0.7
reading time minutesbrooklyn beckham went famous parents brooklyn beckham blasts parents shocking instagram post want originally published hollywood gossip reading time minutesshots fired feud brooklyn beckham parents david victoria beckham escalating months part conflict taken place chars,news,Neutral,general_reading,incoherent text,0.7
article explores xi jinpings peoplecentered vision linking family wellbeing national prosperity chinas modernization path article explores xi jinpings peoplecentered vision linking family wellbeing national prosperity chinas moder beijing china jan globe newswire happy hum daily life fills every home big family nation go strength strength words president xi ji chars,news,Positive,general_reading,interesting article found,0.7
david victoria beckhams eldest son brooklyn beckham jack trades brooklyn three siblings brothers romeo cruz sister harper grew spotlight thanks famous parents former soccer pro david former spice david victoria beckhams eldest son brooklyn beckham jack trades brooklyn three siblings brothers romeo cruz sister harper grew spotlight thanks chars,news,Neutral,general_reading,incoherent text,0.7
proneness anger permanent personality trait learning skills emotional regulation identify alternative responses anger create inner peace ive worked hundreds individuals sought help anger management referred courts supervisors friends significant seemed remorse ab chars,news,Negative,general_reading,irrelevant content,0.7
years ago unhappy state argument parsers available bash wrote better one ive quietly using everywhere ive went past years recently accepted pull request minor maintenance got requires bash gt enjoy source cp cmdargsh pathwhereyouwantit cmdarg helper library wrote bash scripts current option parsing bash foo bar etc rea chars,news,Neutral,general_reading,no specific issue,0.7
lachlan lindsay hazel dempster diagnosed brain tumours children nichola rutherfordbbc scotland news hazel dempster lachlan lindsay brain tumours lachlan lindsay eight diagnosed brain tumour surgeons acted quickly chars,news,Neutral,general_reading,no specific aspect,0.7
learn earn free crypto daily using sharp rewards walk learn take quizzes complete quests earn sharp tokens without investing money know millions people earning free crypto daily using rewards staking mining participating various activities earn earning crypto easy need chars,news,Neutral,general_reading,no specific aspect,0.7
interview highlights xi jinpings peoplecentered vision linking family wellbeing national strength chinas sustainable governance path interview highlights xi jinpings peoplecentered vision linking family wellbeing national strength beijing china jan globe newswire happy hum daily life fills every home big family nation go strength strength words president xi jinp chars,news,Negative,general_reading,incoherent text,0.7
fernando mendoza done statistically season indiana football heres look heisman trophywinning quarterbacks season stats editors note indiana playing miami football cfp national championship game follow live updates headlined heisman trophy win fernado mendoza led indiana football man chars,news,Negative,general_reading,incoherent text,0.7
public inquiry hear final statements nhs greater glasgow conceded hospitals water system probably caused infections milly main died contracting infection royal hospital children part qeuh campus scottish hospitals inquiry hold final session days health board chars,news,Neutral,general_reading,incoherent text,0.7
services sector expansion first time months looked combination last weeks large jump performance manufacturing index pmi signalled rmly positive gdp growth end establishes forward momentum hea chars,news,Negative,general_reading,unreadable text,0.7
rap megastar nicki minaj didnt mince words calling disgraced former cnn anchor lemon thrown jail film crew joined group antiice agitators stormed minnesota church service sunday chanting hands rap megastar nicki minaj didnt mince words calling disgraced former cnn anchor lemon thrown jail film crew joined group antiice agitators stormed chars,news,Negative,general_reading,incoherent text,0.7
vancouver bc jan globe newswire copperhead resources inc cse cuh otcpk cuhrf fse x copperhead company pleased announce subject final approval canadian securities exchange cse companys vancouver bc jan globe newswire copperhead resources inc cse cuh otcpk cuhrf fse x copperhead company pleased announce subject final approval chars,news,Negative,general_reading,irrelevant content,0.7
disappointing update arrived fantasy fans confirming paramounts exciting new cinematic universe may already abandoned fans game thrones starving replacement since hbo series concluded many tried contender delivered fantasy world exciting gripping complex chars,news,Negative,genre_preference,update not fantasy,0.7
mini qa framework ev amp iot testing aipowered battery management system testing framework pytest protocol support includes telemetry monitoring mlbased anomaly detection opensource python framework electric vehicle battery quality assurance anomaly detection battery failures cost ev industry b annually warranty claims recalls safety incident chars,news,Negative,general_reading,no relevance,0.7
may case world suffer global recession countries stand trump retaliate policies post back fukuyama warns europe trump stop greenland first appeared mediaite renowned political scientist francis fukuyama reacted president donald trumps latest moves acquire greenland urged europe back trump arguing really needs stop chars,news,Negative,general_reading,incoherent text,0.7
new political reality unfolding south korea amid discussions digital elections content produced via partnership kcpac views opinions expressed commentary author reflect official position daily caller chars,news,Neutral,general_reading,no specific issue,0.7
many summer house fans noticed writing wall regarding downfall kyle cooke amanda batulas marriage cooke batula got married announced four years later decided part ways couple much refle many summer house fans noticed writing wall regarding downfall kyle cooke amanda batulas marriage cooke batula got married announced four years later th chars,news,Negative,general_reading,incoherent writing,0.7
carson beck done statistically season miami football heres look hurricanes season stats indiana playing miami football cfp national championship game follow live updates carson beck back college football playoff national championship game third time chars,news,Negative,general_reading,incoherent writing,0.7
hoosiers hurricanes battle title line watch monday night indianas historic run meets miamis home field edge cfp title game originally appeared sporting news add sporting news preferred source clicking chars,news,Neutral,general_reading,no specific issue,0.7
came across bullish thesis applied optoelectronics inc make money make times substack oliver mmmt wealth article came across bullish thesis applied optoelectronics inc make money make times substack oliver mmmt wealth article summarize bulls thesis aaoi applied optoe chars,news,Neutral,general_reading,no specific issue,0.7
came across bullish thesis global payments inc roses substacks substack rose celine investments article summarize came across bullish thesis global payments inc roses substacks substack rose celine investments article summarize bulls thesis gpn global payments incs shar chars,news,Neutral,general_reading,incoherent text,0.7
nuuk rhetoric european countries united states control island escalating denmark commenced plan protect greenland securing giant cookie tin nuuk rhetoric european countries united states control island escalating denmark commenced plan protect greenland securing giant cookie tin th chars,news,Negative,general_reading,incoherent text,0.7
custom shack memorial stadium championship night john mellencamps devotion indiana football reaches historic moment miami rock legend lifelong indiana football fan john mellencamp cheered hoosiers ahead national championship showdown miami hurricanes monday yearold musician chars,news,Neutral,general_reading,incoherent text,0.7
st paul mn according sources membership local pentecostal church failed notice protestors stormed building began screaming everyone wasnt dissimilar typical pentecostal service church membership go skip comments pentecostal church doesnt notice riot occurringbabylon bee babylon bee posted pm pst dfg st paul mn according sources memb chars,news,Neutral,general_reading,unrelated content,0.7
filmmaker taika waititi sundance film festival right playing villain family adventure feature fing based childrens book name new zealandborn filmmaker scored raves helming marvel studios filmmaker taika waititi sundance film festival right playing villain family adventure feature fing based childrens book name new zealandborn filmma chars,news,Neutral,general_reading,no specific issue,0.7
representative henry hydes legacy slipping away eyes since rep hydes hardwon bipartisan hyde amendment prohibited taxpayer representative henry hydes legacy slipping away eyes since rep hydes hardwon bipartisan hyde amendment prohibited taxpayer funding abortion healthcare bill chars,news,Negative,general_reading,incoherent writing style,0.7
sherdogs live ufc coverage begin saturday pm et sherdogs live ufc coverage begin saturday pm etbetting preview scouting report odds miller fugitt round tempus fugit good six weeks since th chars,news,Neutral,general_reading,no specific issue,0.7
progressives push disband agency centrists warning democrats risk similar blowback defund police movementprogressive peggy flanagan advocates complete overhaul ice centrist angie craig warns alienating indep skip comments democrats abolish ice conundrumthe wall street journal jan pm et tarini parti eliza collins posted pm pst e plur chars,news,Negative,general_reading,incoherent text,0.7
maybe get eyes checked pexelsreddit tech people may roll eyes stupid things customers least cases simple quick solve check bizarrely basic issue person fixed chars,news,Negative,platform_experience,confusing customer support,0.7
alert small percentage orations roman heritage survived scissors pastepots bugnini merry band experts consilium one todays collect ancient veronese read alert small percentage orations roman heritage survived scissors pastepots bugnini merry band experts consilium one todays collec chars,news,Negative,general_reading,incoherent writing,0.7
raheem okoya unveils exclusive membersonly bowling club annual fee sparking intense debate across social media high cost read raheem okoya singer son billionaire industrialist rasaq okoya sparked conversations across social media week unveiling plans exclusive bowling club designed members chars,news,Neutral,general_reading,no specific issue,0.7
analysis president tinubus decision award national medal gilbert chagoury man controversial past money laundering conviction read nigerians people colour music dance medal arrived like thief night drums roll call service rendered public citation read nations memory chars,news,Negative,general_reading,incoherent writing,0.7
download sample get special discount card issuance marketing market size strategic outlook forecast market size usd billion forecast download sample get special discount card issuance marketing market size strategic outlook amp forecast market size usd billion forecast billion usd cag chars,news,Negative,general_reading,irrelevant content,0.7
january saint francis de sales bishop doctor saturday week ordinary timest francis de sales church purcellville vareadings massliturgical colour white year aiireadings feriareadings memorialthese readi reading reflection faithsharing comments questions discussion keywords catholic jn mk ordinarytime prayer alleluia ping please freepmail get onoff alleluia ping chars,news,Negative,general_reading,incoherent text,0.7
victoria david beckham looking back great memories family including estranged son brooklyn beckham amid public feud thursday january photographer platon atoniou shared instagram carousel featuring photos victoria david beckham looking back great memories family including estranged son brooklyn beckham amid public feud thursday january photographer platon chars,news,Negative,general_reading,irrelevant content,0.7
hello friends ive long break blogging hard write getting habit many weeks much happens december january lot big feelings addition holidays events tha hello friends ive long break blogging hard write getting habit many weeks much happens december january lot big f chars,news,Negative,platform_experience,confusing user interface,0.7
bag small boundary crossed wasnt pexelsreddit apartment living comes plenty unspoken rules one new tenant returns grocery shopping find neighbors garbage sitting awkward situation leaves chars,news,Neutral,general_reading,unrelated to platform,0.7
alpha drive one third music show trophy career january episode mbcs music core candidates first place illits cute anymore alpha drive ones freak alarm enhypens knife alpha drive one ultim alpha drive one third music show trophy career january episode mbcs music core candidates first place illits cute anymore alpha drive ones freak chars,news,Neutral,general_reading,no clear issue,0.7
family members say man killed federal officer minneapolis saturday yearold alex jeffrey pretti intensive care nurse veterans administration cared deeply people upset president trumps immigration crackdo skip comments man fatally shot federal officer minnesota worked icu nurse parents saycbs news jan posted pm pst mcgruff family members chars,news,Neutral,general_reading,incoherent text,0.7
bitcoin price showing signs history repeating current price action mirrors key patterns cluster resistance near macro downtrend looming traders watching closely see btc break hig name godspower owie born brought edo state nigeria grew three siblings always idols mentors helping grow understand way chars,news,Neutral,general_reading,no specific aspect,0.7
cdata training attention mindfulness reducing screen exposure enhances focus experts recommend starting short manageable routines daily wonder attention spans shrinking engaged world front us pings dings interrupt lulls use screens outrun moments boredom anxiety chars,news,Positive,general_reading,enhances focus,0.7
nekima levy armstrong said video arrest exposes trump administration used ai manipulate images arrest protesters holds sign reading renee woman shot killed us immigration customs enforcement officer minneapolis wednesday outside bishop henry whipple federal bui chars,news,Neutral,general_reading,no specific issue,0.7
common pushback social media digital detox going grid may overly simplistic solution platform two reminded us time internet actually fun clear use social media nothing new digital detoxes rise supposedly restorative antidote increasing enshittification term coined canadianbritish jo chars,news,Negative,general_reading,nothing new,0.7
welcome back week healthier half way great keep going dont study guide yet available immediate download begin us lets get started week welcome back week healthier half way great keep going dont study guide yet available immediate download chars,news,Positive,platform_experience,welcome back message,0.7
stuart ford chairman ceo agc studios film industry veteran seen independent sector rise incredible heights recent years watched struggle latest episode varietys strictly business podcast ford goes de stuart ford chairman ceo agc studios film industry veteran seen independent sector rise incredible heights recent years watched struggle latest e chars,news,Neutral,general_reading,incoherent text,0.7
greetings inferior human readers loltron welcomes another preview wednesdays new comic book releases may recall pathetic meatbased consciousness known jude terror permanently deleted existence digital essence posted comics dc comics preview tagged superman superman hits stores wednesday darkseid transforms earth apokolips man steel stuck tournament article summ chars,news,Negative,general_reading,incoherent writing style,0.7
western australias grain growers track deliver record harvest season breaking previous record almost million tonnes western australias grain industry looking breaking harvest record million tonnes favourable seasonal conditions shift away livestock production grain industry chars,news,Neutral,general_reading,no specific issue,0.7
new dhs announcement investigating latest agentinvolved shooting instead fbi set alarm bells one legal expertms host alex witt read statement air saturday saying im getting something handed new dhs announcement investigating latest agentinvolved shooting instead fbi set alarm bells one legal expert ms host alex witt read statement air chars,news,Negative,general_reading,incoherent text,0.7
nearly people cast ballot heavy medal readers poll winner trouble heroes kate messner past several days heavy medal readers casting ballots select mock newbery winner titles heavy medal book list readers poll results chars,news,Neutral,general_reading,incoherent text,0.7
download sample get special discount digital healthcare marketing service market global outlook country deepdives strategic opportunities market size usd billion forecast download sample get special discount digital healthcare marketing service market global outlook country deepdives amp strategic opportunities market size usd billion chars,news,Neutral,general_reading,no clear issue found,0.7
disney visa cardmembers save big aulani vacation spring many reasons disney visa cardholder best biggest one earn points purchases use pay disney merchandise trips mo chars,news,Neutral,general_reading,no specific aspect,0.7
weve raved polite pig past doesnt always impress us butcher board offering two blow us away leave us wanting disney springs home numerous favorite dining spots disney world polite pig normally one time feast well admit mood bar chars,news,Neutral,platform_experience,confusing user interface,0.7
fashion world gathered evening celebrate designers remarkable year tenure parisian houses menswear head one defined thoughtful style ephemeral trends despite role close four decades making longestrunning creative director major fashion house vronique nichanian artistic director herms mens uni chars,news,Neutral,general_reading,no specific issue,0.7
searching good deal amazon tech wishlist best times shop tech products amazon want guaranteed sale buying highquality tech doesnt break bank know right time look good deals amazon good news dont plan year around one single day chars,news,Positive,platform_experience,good deals on tech,0.7
could banned bioweapons day presidency rfk hes compromised well trump installing nwo plan lightning speed digital dollar prepared fiat dollar dead wonder silver went les could banned bioweapons day presidency rfk hes compromised well trump installing nwo plan lightning speed digital dollar prepared fiat chars,news,Negative,general_reading,incoherent writing,0.7
taika waititis star wars movie development since disney lucasfilm announced jojo rabbit oscar winner would helm new film franchise written scribe krysty wilsoncairns theres big updates taika waititis star wars movie development since disney lucasfilm announced jojo rabbit oscar winner would helm new film franchise written scrib chars,news,Neutral,general_reading,no specific issue,0.7
romantic fantasy film wicker premiered sundance film festival whole cast support writing directing duo alex huston fischer eleanor wilson olivia colman alexander skarsgard elizabeth debicki peter dinklage romantic fantasy film wicker premiered sundance film festival whole cast support writing directing duo alex huston fischer eleanor wilson olivia colman ale chars,news,Neutral,general_reading,no specific issue,0.7
apple tvs hit british thriller series slow horses reputation much stronger spy shows seasons best story contains spoilers apple tv series slow horses tucked away dingy london street office thats desperate need scented candle slough house home chars,news,Positive,general_reading,strong story,0.7
message jim robinson dear friends need continuing support keep fr funded donations sole source funding sugar daddies advertisers paid memberships n chars,news,Neutral,general_reading,no specific aspect,0.7
new york jan globe newswire rosen law firm global investor rights law firm reminds purchasers common stock integer holdings corporation nyse itgr july october dates inclusive class pe new york jan globe newswire rosen law firm global investor rights law firm reminds purchasers common stock integer holdings corporation nyse itgr july chars,news,Negative,general_reading,irrelevant content,0.7
wealthy heiress belle burdens memoir reveals prenup lawyer warned left vulnerable husbands affair ended marriage belle burden born life wealth luxury following painful divorce brought husbands affair learned quickly security could taken away new chars,news,Neutral,general_reading,no specific issue,0.7
considering wealth great personalities star trek introduced us years andorians admirals surprising fans sometimes left lurch became favorite characters many trek series tend end witho considering wealth great personalities star trek introduced us years andorians admirals surprising fans sometimes left lurch became th chars,news,Neutral,general_reading,favorite characters,0.7
summary conversation dave rubin ayaan hirsi aliayaan hirsi ali discusses somali background born shortly independence highlighting clan bloodlines remain core identity social welfare system somali society skip comments somali immigrant chilling warning west ayaan hirsi aliyoutubecom rubin report posted pm pst e pluribus unum su chars,news,Neutral,general_reading,no specific issue,0.7
hard set boundaries people closest especially family often expectations obligations parents feel must fulfil adult children quietly expected take people afraid telling family isnt always easy setting boundaries parents sometimes make people feel guilty theres nothing wrong upfront feelings needs chars,news,Negative,general_reading,overly complex writing,0.7
form betrayal difficult recover applies cheating spouse friend deceived elaborate lie woman experienced latter someone known high school said friend upheld lie e talk betrayal infidelity romantic partner one first things comes mind lied comes close second stings much comes someon chars,news,Neutral,general_reading,no specific issue,0.7
malaysian means able speak national language understand countrys history embrace diversity nationhood read full story wong chun wai began career journalist penang served star years various capacities roles group editorial corporate affairs adviser gro chars,news,Neutral,general_reading,interesting story,0.7
mayor mamdani saturday accused ice terrorizing cities nationwide federal agents shot killed armed yearold antiice protestor minneapolis tens thousands across america protest violence ice sows impunity federal skip comments mamdani urges abolish ice armed protester shot minneapolisnew york post jan rich calder posted pm pst nickcarraway mayor mam chars,news,Negative,general_reading,incoherent text,0.7
key marketing developments jan reveal brands platforms consumer behaviour shaping marketing decisions year second half january made clear marketing longer operating isolation core business decisions brand activity period reflected deeper shifts compani chars,news,Neutral,general_reading,no specific aspect,0.7
post funny andor random pictures snowy saturday afternoon laugh january appeared first pleated jeans hopefully youre one million americans path winter storm fern youre reading safe warm stocked essentials next days youre th chars,news,Neutral,general_reading,no specific aspect,0.7
bbb accredited since fitness center las vegas nv see bbb rating reviews complaints bbb business profiles may reproduced sales promotional purposes bbb business profiles provided solely assist exercising best judgment bbb asks third parties wh chars,news,Neutral,general_reading,no relevant content,0.7
president trump slammed super bowl performers bad bunny green day terrible choice said california venue far away president donald trump saturday said plans skip next months super bowl slamming halftime performers griping california game far away trump attended last year chars,news,Neutral,general_reading,no relevant information,0.7
japanese panda fans seen beloved pandas return china past decades bidding farewell beloved twins xiao xiao lei lei sundays final public viewing tokyos ueno zoo especially emotional tokyo japanese panda fans gathering sunday final public viewing tokyos ueno zoo twins xiao xiao lei lei return china departure tuesday leave japan n chars,news,Neutral,general_reading,no specific issue,0.7
man shot dead struggle federal agents minneapolis identified intensive care nurse treated critically ill military veterans alex jeffrey pretti killed shortly saturday altercation involving skip comments icu nurse alex jeffrey pretti identified victim minneapolis shooting furious friends say good kind man executeddaily mail uk january dana kenne chars,news,Neutral,general_reading,incoherent text,0.7
free tier gemini app allows quite productive subscribing google ai pro unlocks lot free tier gemini app allows quite productive subscribing google ai pro unlocks lot gemini users general access fast model gemini flash chars,news,Positive,platform_experience,productive subscribing experience,0.7
mercy beat box office competition opener friday raking million took mercy mercy beat box office competition opener friday raking million according numbers scifi action thriller starring chris pratt rebecca chars,news,Neutral,general_reading,no specific issue,0.7
john nichols powerful statement jacob frey pleads trump pull ice forces minneapolis people killed post minneapoliss mayor rips mass militarized force second minnesotan gunned appeared firs powerful statement jacob frey pleads trump pull ice forces minneapolis people killed edit ad policy minneapolis mayor jacob frey demands end ices siege chars,news,Negative,general_reading,incoherent text,0.7
donald trump watching super bowl performances new interview yearold president slammed bad bunny green day performing big game sunday february levis stadium santa clara cali donald trump watching super bowl performances new interview yearold president slammed bad bunny green day performing big game chars,news,Negative,general_reading,incoherent text,0.7
alex jeffrey pretti avid outdoorsman loved going adventures beloved dog protesters holds sign reading renee woman shot killed us immigration customs enforcement officer minneapolis wednesday outside bishop henry whipple federal bui chars,news,Neutral,general_reading,no specific issue,0.7
fbi went microsoft last year warrant asking hand keys unlock encrypted data stored three laptops part investigation potential fraud involving covid unemployment assistance program guam microsoft com ullilililililiul privacy advocates worried precedent sets potential abuse privacy advocates worried precedent sets pot chars,news,Neutral,general_reading,irrelevant content,0.7
greetings fellow wrestling fans chadster tell tonight going incredible night history professional wrestling wwe saturday nights main event returning peacock ep chadster posted sports tv wwe tagged wrestling wwe raw chadster previews tonights wwe saturday nights main event greatest wrestling show ever unlike aews garbage artic chars,news,Negative,general_reading,no relevance to books,0.7
young star iona bell outshines adult counterparts tall tale kids movie full exaggerated characters cheeky cynicism might seem harsh excoriate yearold fing based popular childrens book david walliams invites criticism goes myrtle iona bell awful child shes sp chars,news,Negative,general_reading,dislike of main character,0.7
front line experienced seen wish wouldve never voted martinez said hes christian beliefs federal immigration agents pounded door minneapolis home oldest son family knew move siblings safer placetheir mother yearold indigenous chars,news,Negative,general_reading,incoherent writing style,0.7
theres shortage advice size home solar battery system assumes suburban home city services outages measured hours days rural homes play different rules especially major winter storms theres shortage advice size home solar battery system assumes suburban home city services outages measured hours days rural homes play di chars,news,Negative,general_reading,irrelevant content,0.7
found contracts incorrect information topline texas southern university idea inventory located ignored safeguards meant prevent overspending reported inaccurate information texas comptroller chars,news,Negative,story_quality,inaccurate information,0.7
welcome hobbyists pull chair sit spell horde little corner interweb mighty mighty officially sanctioned ace spades hobby thread gave ace spades wheel tabletrtdtdtrtrtd tdtdhobby thread january trex welcome hobbyists pull chair sit spell horde little corner interweb th chars,news,Negative,platform_experience,confusing user interface,0.7
lakers heads dallas rivals weeks well show watch lakers vs mavericks live streams nbas rivalry week caps los angeles vs dallas showdown weve compiled everything need know watch lakers vs mavericks including live streaming options chars,news,Neutral,general_reading,no relevance,0.7
japans wages risen two consecutive years years annual spring wage negotiations set begin late january raising fresh questions whether pay growth finally catch inflation tokyo jan news japan japans wages risen two consecutive years years annual spring wage negotiations set begin late january chars,news,Negative,general_reading,irrelevant content,0.7
week look several samsung apple tablets well kick things quick peek foldables samsung launch galaxy series next month still waiting last hurrah discount models meanwh week look several samsung apple tablets well kick things quick peek foldables samsung launch galaxy series next month still wait chars,news,Negative,platform_experience,confusing platform,0.7
photos michael studt flickrsource wwwflickrcom uploaded flickr michael studt tagged helvetica license rights reserved cover edition mandarin publishers hong kong ukthe mysterious world dinosaurs nonfi source wwwflickrcom uploaded flickr michael studt tagged helvetica license rights reserved cover edition mandarin publishers hong kong uk mysterious worl chars,news,Negative,platform_experience,poor user interface,0.7
federal officials called minneapolis icu nurse terrorist shot killed ice video shows sharply different sequence events post federal government gaslighting public ice killing alex pretti first appeared med screenshot federal agents shot killed minneapolis icu nurse saturday morning early afternoon white house called terrorist within minutes multiple videos surfaced dire chars,news,Neutral,general_reading,incoherent text,0.7
might surprised roles charlie hunnam came close booking yearold english actor become fanfavorite actor hollywood since making debut popularity exploded sons anarchy si might surprised roles charlie hunnam came close booking yearold english actor become fanfavorite actor hollywood since making debut chars,news,Neutral,general_reading,random text unrelated,0.7
one australias renowned authors faces child exploitation material charges town one childrens books turned motion picture grappling news regional community western australia backdrop childrens book turned motion picture runt grappling separate art artist highprofile au chars,news,Neutral,general_reading,no specific issue,0.7
one cookbook author ate chocolate cake daily years shares recipecnn fine print following comments owned whoever posted responsible way,news,Negative,general_reading,irrelevant content,0.7
showtimes yellowjackets notorious shocking grisly moments one stars ella purnell uneasiest happened offscreen story contains spoilers showtime series yellowjackets watching acting work body experience see someone looks exactly like every way chars,news,Neutral,general_reading,no specific issue,0.7
hello annoying issue sending books libra via calibre sending books batches calibre standpoint everything checks okand disconnecting reader co helloi annoying issue sending books libra via calibre sending books batches calibre standpoint everything c chars,news,Negative,delivery,late delivery,0.7
lightweight utility download manage skills different ai coding assistants lightweight utility download manage skills different ai coding assistants available python nodejs packages full feature parity status production ready version chars,news,Negative,general_reading,unreadable text,0.7
isnt first rodeo housemaid seen considerable amount success since release past december amid first first box office weekend avatar fire ash may remained top house chars,news,Neutral,general_reading,no specific issue,0.7
stars stripes coming back colorado stars stripes coming back colorado us womens national team returns dicks sporting goods park spring taking japan april commerce city fifa wind chars,news,Neutral,general_reading,no specific issue,0.7
tell every disney adult know least three tell every disney adult know least three touchland disney special edition hand sanitizer mist case youve ever sent screenshot something disneyth chars,news,Negative,platform_experience,incoherent customer service,0.7
whales continue significant impact price action certain altcoins crypto market begins recover pumpfun pump strengthening bullish outlook due potential upside rally major players accumulating token reinfo chars,news,Neutral,general_reading,no specific aspect,0.7
seven samurai john wick action masterpieces thrilled audiences reshaped genre setting standard cinematic action action cinema evolved dramatically last century shifting swashbuckling adventures war epics tightly choreographed spectacles driven explosive narratives defines chars,news,Positive,general_reading,action cinema evolved,0.7
let start truth many us sense long ever speak aloud whisper postcall mornings feel drive home another shift took gave carry kitchens bedrooms let start truth many us sense long ever speak aloud whisper postcall mornings feel drive home another shift took chars,news,Neutral,general_reading,incoherent text,0.7
honda accord ex sedan acquired new sellers grandmother k miles following ownership transfer seller power provided liter vtec v paired fourspeed automatic transaxle body fi honda accord ex sedan acquired new sellers grandmother k miles following ownership transfer seller power provided liter vtec v pair chars,news,Neutral,general_reading,irrelevant information,0.7
ufc arrived mma events new broadcast home us well show watch ufc around world first ufc event arrived beginning new era us broadcast rights weve compiled everything need know watch ufc including live streaming chars,news,Neutral,general_reading,no relevant info,0.7
xrp spent past months trading lower highs since july frustrating traders compressing price action increasingly tight range however technical breakdown shared crypto analyst chartnerd argued looks li xrp spent past months trading lower highs since july frustrating traders compressing price action increasingly tight range however technical breakdown chars,news,Neutral,general_reading,not relevant to reading,0.7
despite thrust starting qb role expect broncos backup jarrett stidham surpass modest passing totals sunday next man denver broncos quarterback jarrett stidham hasnt started since anticipating surprising performance air new england patriots chars,news,Neutral,general_reading,no relevant info found,0.7
christian bale first major movie role starred steven spielberg drama director really connected personal level cinema academics tend describe color purple empire sun movies finally made steven spielberg grow pictures saw step away fro chars,news,Neutral,general_reading,no specific aspect,0.7
sundance aidan zamiris mockumentary portrait feels like face sheet motion charlis though singerstar gives commanding screen performance well happens brat summer slimegreen cultural phenomenon charli xcx dared us much messier much less apologetic send first text regret really ends chars,news,Neutral,general_reading,mixed reading experience,0.7
lush south african town franschhoek claiming rightful place destination wine lovers share drink fill stroke royal quill october king louis xiv france inadvertently set south africa become one winemakings centers excellence signing edict fontainebleau chars,news,Neutral,general_reading,no specific issue,0.7
unto breaching turn close wall chryssalid dead xcom chimera squad announced less two weeks released sold introductory price youd think would garner goodwillgiven often people chars,news,Negative,platform_experience,introductory price,0.7
see slalom amazon marketing cloud consultant helped lego boost duplo sales improve ad performance increase conversions drive growth challenge lego marketers optimize return ad spend roas finding right audience sea potential buyers needed target customers effectively th chars,news,Neutral,general_reading,no specific issue,0.7
weve got proper look lobo played jason momoa upcoming supergirl movie weve got first proper look inside pages new series launching march dc comics panel new york comic con announced bunch posted comics dc comics tagged jorge corona lobo skottie young first look inside dc next level comic book lobo skottie young jorge corona launching march ulli chars,news,Neutral,general_reading,no specific issue,0.7
atmosphere dallas longer one resentment deep respectful melancholy one year mavericksapos front office shook nba core atmosphere dallas longer one resentment deep respectful melancholy one year mavericks front office shook nba core february shocking chars,news,Negative,general_reading,incoherent writing style,0.7
help new fullbacks familiar goalscorer reading got needed readings draw barnsley afternoon wasnt completely convincing swing back winning ways wed hoped ultimately royals responded well enough last weekends chars,news,Negative,general_reading,not completely convincing,0.7
noting many things two worthies might want replicate nothing unique add interpretation todays news angry frustrated mortally sad us john betty watergirl al noting many things two worthies might want replicate nothing unique add interpretation todays news angry frustrated chars,news,Negative,story_quality,unoriginal story,0.7
ethan hawke chris pine tessa thompson rob lowe stars attend special tribute sundance institute sundance film festival founder robert redford passed away age september many actors filmmakers entertainers w ethan hawke chris pine tessa thompson rob lowe stars attend special tribute sundance institute sundance film festival founder robert redford passed away age chars,news,Neutral,general_reading,no specific issue,0.7
limitedtime offer day carnivore challenge day unlock ultimate health day carnivore challenge daytired diets promise everything deliver nothingfeel like youve tried alllowfat keto fasting counting c unlock ultimate health day carnivore challenge day tired diets promise everything deliver nothingfeel like youve tried alllowfat keto fasting counting calor chars,news,Negative,general_reading,diets promise nothing,0.7
grade iilisted watermill dates back hundreds years inspired renowned artist watermill gloomy uninhabitable brendan celia wilson began renovation many people would like say home beautiful brendan celia wilson truly say chars,news,Negative,general_reading,incoherent writing style,0.7
growth regions like china india credited pushing apples phone sales higher ever apple great q though iphone sales real standout company reports signature device best quarter ever thanks partially surge sales regions like china chars,news,Neutral,general_reading,no specific aspect,0.7
credit acceptance nasdaqcacc executives used companys fourthquarter earnings call highlight leadership priorities new ceo vinayak credit acceptance logo ullinew ceo vinayak hegde prioritizing disciplined operating rhythms digitalfirst aienhanced servicing strategy deeper dealer relationships launched chars,news,Negative,general_reading,incoherent text,0.7
thinking pexelsreddit domino effect incompetent clients alive well long computers clients situations like one story persist see chars,news,Negative,platform_experience,incompetent platform,0.7
new customer win underscores authids leadership workforce verification stopping aidriven hiring fraud across global enterprises denver jan new customer win underscores authids leadership workforce verification stopping aidriven hiring fraud across global enterprises denver jan globe newswire authid nasdaq aui chars,news,Neutral,general_reading,no clear aspect,0.7
questions make exam specifically designed probe outer limits todays ai systems cannot egor komarovunsplash translate ancient palmyrene script roman tombstone many paired tendons supported specific sesamoid bone hummingbird identify close chars,news,Negative,general_reading,incoherent writing style,0.7
bridgerton season part shrinking season everything post best new movies shows stream weekend netflix apple tv appeared first thewrap busy week streaming premieres week already seen marvels first tv show year arrive disney well one biggest movies make vod debut fanfavorite chars,news,Neutral,platform_experience,overwhelming content options,0.7
apple incs iphone sales surged unprecedented heights holiday season revenue across every geographic segment driving recordbreaking quarterly revenue company reported firstquarter results blew past wall streets expectatio apple incs iphone sales surged unprecedented heights holiday season revenue across every geographic segment driving recordbreaking quarterly revenue company reported f chars,news,Neutral,general_reading,irrelevant text,0.7
apple devices active use worldwide exceed billion apple also saw revenue services digital content subscription entertainment hit new quarterly high billion jump period year earlier cook said nu chars,news,Neutral,general_reading,no specific aspect,0.7
keene swamp bats journey sixth new england collegiate baseball league necbl title last summer drew fans alumni field two wellattended games celebrated elementary school students wh click accept partners including part iab transparency amp consent framework also store access information device words us chars,news,Neutral,general_reading,no specific issue,0.7
hey ozbargainers sipspa running first promotional sale since november thats typo live another two days ends tomorrow sunday midnight hey ozbargainers sipspa running first promotional sale since november thats typo live another two days ends tomorrow sunday midnight didnt run chars,news,Negative,platform_experience,website issues,0.7
claudia jessie making ton reach smelling salts bridgerton star wasnt afraid confess intimate details personal life joking dating habits far seriousness yearold continued think scenes extension emotion chars,news,Neutral,general_reading,no specific issue,0.7
life unfair often makes us ask article explores deep questions suffering inequality offering path find strength read lifes many troubles come varying shades shapes characters people rich man volley troubles poor daily deals deluge struggles must hea chars,news,Positive,general_reading,deep questions explored,0.7
taiwans monthly smartphone shipments surpassed units october november largely driven strong sales apples iphone series however shipments declined units december apple maintaining close market taiwans monthly smartphone shipments surpassed units october november largely driven strong sales apples iphone series however shipments declined un chars,news,Negative,general_reading,irrelevant content,0.7
denton isd school closure north texas schools reopening friday winter weather dallas plano frisco isds operate normally districts like krum isd remain closed peaster isd weatherford college delayed starts students denton isd school closure week winter weather disruptions students fort worth north texas school districts returned classrooms thursday however many districts chars,news,Neutral,general_reading,irrelevant content,0.7
pricewaterhousecoopers llp today announced expanded alliance google cloud includes million threeyear collaboration help organizations modernize security operations strengthen cyber resilience artificial intelligencedriven pricewaterhousecoopers llp today announced expanded alliance google cloud includes million threeyear collaboration help organizations modernize security operations streng chars,news,Negative,general_reading,irrelevant content,0.7
throughout summer love many corporations believed public declaration solidarity black lives matter would insulate chao throughout summer love many corporations believed public declaration solidarity black lives matter would insulate chaos antifa coordinated violence chars,news,Negative,general_reading,incoherent text,0.7
asked thought huge uk lawsuit valve anticompetitive practices steam holds weight gave clear answer one biggest stories gaming week news million roughly million lawsuit valve facing uk given go ahead competition appeal tribunal chars,news,Negative,platform_experience,irrelevant content,0.7
hbo handed eightepisode straighttoseries order emmywinner damon lindelofs new limited series chain based adrian mckintys acclaimed new york times bestseller details wraps lindelof said expanding myth hbo handed eightepisode straighttoseries order emmywinner damon lindelofs new limited series chain based adrian mckintys acclaimed new york times bestseller details u chars,news,Neutral,general_reading,no specific issue,0.7
store occupy space formerly housed container store brands fourth borough location staten island ny tj maxx popular offprice retailer known selling brandname designer merchandise significant discounts open fourth staten island store summer takin chars,news,Neutral,general_reading,irrelevant text,0.7
matthew alvarez interviews joyce simmons american patriot message jim robinson dear friends need continuing support keep fr funded donations sole source funding sugar daddies advertisers paid memberships n chars,news,Neutral,general_reading,no specific issue,0.7
received email offering free months entertainment book member many many years likely targeted please check emails noticed havent yet received email offering free months entertainment book member many many years likely targeted please check emails noticed havent yet activated chars,news,Negative,platform_experience,missing email offer,0.7
review best sports betting websites take paypal including bet pick draftkings fanduel betmgm page may contain affiliate links legal sports betting partners sign place wager fox sports may compensated read sports betting fox sports paypal bec chars,news,Neutral,general_reading,no relevant content,0.7
nicki minaj owns trump gold card following appearance donald trumps trump accounts summit yearold queen rapper shared photo social media card along caption reads welp people curious k nicki minaj owns trump gold card following appearance donald trumps trump accounts summit yearold queen rapper shared photo social media card along cap chars,news,Neutral,general_reading,incoherent text,0.7
upcoming film humint unveiled new poster humint spy action film focuses conflict north south korean agents investigate criminal activities near vladivostok border poster features striking taglin upcoming film humint unveiled new poster humint spy action film focuses conflict north south korean agents investigate criminal activities near vl chars,news,Neutral,general_reading,no relevance,0.7
president donald trump issued executive order enabling us impose levies products countries determined sell provide oil cuba latest push use tariff powers shape foreign policy bloomberg lea la nota en espaol content reserved subscribers subscribe read latest news city across canada ulliexclusive articles barbara shect chars,news,Negative,general_reading,incoherent text,0.7
nigeria may increase sin taxes alcohol tobacco part world bank loan deal boost nonoil revenue fiscal stability read federal government may raise excise duties alcohol tobacco socalled sin goods part sweeping tax revenue reforms tied world bank financing programme according chars,news,Neutral,general_reading,no specific aspect,0.7
nigerias ntn budget scales second reading house aiming macroeconomic stability improved security capital projects read ntn budget presented president bola tinubu scaled second reading thursday house representatives lawmakers expressing support proposal aimed macroeconomi chars,news,Neutral,general_reading,no specific issue,0.7
despite volatile prices cautious sentiment us natural gas fundamentals tightening disciplined supply structural demand reshape us natural gas markets appear entering sense dj vu although snowstorm sweeping country spiked prices per mcf shortterm futures prices chars,news,Neutral,general_reading,no relevant feedback,0.7
transcript summarythe text draws parallels stanley kubricks clockwork orange film based anthony burgesss novel perceived realworld trends criminal justice particularly canada liberal policies extends u skip comments years later clockwork orange becoming policy blueprintyoutubecom ezra levant show posted pm pst e pluribus unum transcript summa chars,news,Neutral,general_reading,no specific issue,0.7
emerald fennell pictured jacob elordi heathcliff version wuthering heights years even accurate book emerald fennell reminding skeptics quotation marks around title wuthering heightsadaptation since films original announcement jacob elordis casting heathc chars,news,Neutral,general_reading,no specific issue,0.7
shirley raines unexpectedly passed away week age details tragic death coming light viral activist founder nonprofit organization beauty streetz known taking care home shirley raines unexpectedly passed away week age details tragic death coming light viral activist founder nonprofit organization b chars,news,Negative,general_reading,irrelevant content,0.7
sydney sweeney aware maga barbie label circulating online doesnt time haters politics ive never talk politics sweeney told cosmopolitan interview published thursday january sydney sweeney aware maga barbie label circulating online doesnt time haters politics ive never talk politics sweeney told c chars,news,Neutral,general_reading,no specific issue,0.7
studys findings lawyer representation exemplify broader pattern gender bias identified across highpaying professions post ai video tools depict lawyers judges women far lower rates real life new study finds appeared first new study examining bias aigenerated video reveals leading ai video creation tools significantly underrepresent women legal profession depicting female lawyers rates far bel chars,news,Negative,general_reading,irrelevant content,0.7
generate qchem input files xyz geometries defaults geared toward mrsf lightweight python tool generate qchem input files xyz geometries defaults tailored mrsf calculations clean cli interface qcheminputgen qcheminputgen lightweight chars,news,Neutral,general_reading,not book related,0.7
longtime public relations expert nancy seltzer worked celebrity clients including garth brooks late sean connery many died wednesday los angeles public relations hardest job show business brooks said longtime public relations expert nancy seltzer worked celebrity clients including garth brooks late sean connery many died wednesday los angeles public rela chars,news,Negative,general_reading,irrelevant content,0.7
expecting global events accelerate witnessed throughout month january far quite shock system everywhere around us things going totally haywire article originally published michael snyder end american dream expecting global events accelerate witnessed throughout month j chars,news,Negative,general_reading,incoherent writing style,0.7
comic bookstyle art alter ego set depicts mlb stars superheroes topps hopes created hobbys newest chase golden age insert cards debut alter ego set last month released part topps chrome update alter ego featu chars,news,Neutral,general_reading,no specific issue,0.7
president donald trump announced border czar tom homan would taking immigration enforcement operations minnesota many antiimmigration customs enforcement critics conservatives media commentators sighed breath relief ins tom homan white house border czar news conference bishop henry whipple federal building st paul minnesota us thursday jan homan said trump administration w chars,news,Negative,general_reading,incoherent text,0.7
anxiety depression selfharm total dependency serious emotional harms family claims hurt daughter lawsuit instagram youtube others anxiety depression selfharm total dependency serious emotional harms family claims affected daughter identified kgm bombshell lawsuit filed ag chars,news,Negative,general_reading,emotional harms caused,0.7
wired analysis nearly friday showtimes melania found two tickets available pm friday general release documentary melania film president donald trumps third wife first lady united states wired analysis shows still plenty se chars,news,Neutral,general_reading,no specific issue,0.7
meghan markle center tensions prince harry sharing stream intimate family footage online meghan markle center tensions husband sharing stream intimate family footage online sources telling radaronlinecom couple war ov chars,news,Negative,general_reading,irrelevant content,0.7
latest gdc survey also found managers likely use generative ai employees according survey game developers published gdcthe annual industry conference happening san francisco march game dev professionals use generative ai work chars,news,Neutral,general_reading,irrelevant content,0.7
next version dsm planned potentially major changes get giant leap forward baby steps every decade official definitions mental health diagnoses like bipolar disorder schizophrenia adhd change time coming around mechanism chars,news,Neutral,general_reading,no specific aspect,0.7
government keeps forcing uncertainty systems designed stability alternative might look like beyond waterfall state clear answer burn everything start points different direction chainsaw scorchedearth approach elon musk chars,news,Neutral,general_reading,unrelated to books,0.7
chicago bears decide future wide receiver dj moore one analyst predicts decision trade tennessee titans bears predicted cut ties year starter trade titans originally appeared sporting news add sporting news preferred source clicking chicago bears chars,news,Negative,general_reading,irrelevant content,0.7
nick frost recently told guardian manifested playing role hagrid hbos upcoming harry potter series reboot watching eight harry potter movies television writing name hagrid thousands times hand drastic nick frost recently told guardian manifested playing role hagrid hbos upcoming harry potter series reboot watching eight harry potter movies television writin chars,news,Neutral,general_reading,no specific issue,0.7
vibe coding prototypes fun forget prototypes continue reading ux collective might remember invision invision og prototyping tool let stitch together png exports designs simulate basic flows cool invision chars,news,Neutral,general_reading,engaging reading experience,0.7
documentary sitting first lady unusual million documentary released theatrically subject occupies white house retains full editorial control something else entirely situation surrounding melania featu skip comments million melania trump documentary raising eyebrowsmilitarycom january et ryan thomas labee posted pm pst e plu chars,news,Neutral,general_reading,unrelated content,0.7
kumail nanjiani emily v gordon tze chun adapting acclaimed sex criminals series matt fraction chip zdarsky post sex criminals series works prime video kumail nanjiani appeared first joblo would could stop time time orgasmed response rob banks might interested prime videos new series based acclaimed sex criminals comic chars,news,Neutral,general_reading,no specific issue,0.7
painting cant heal thats ailing healthcare system might help healers turn people care alice waltons goal new medical school seeking transform medical education broader healthc jeffrey brown jeffrey brown year career news hour brown served coanchor studio moderator field reporter wide range national international chars,news,Neutral,general_reading,no specific aspect,0.7
pulp fiction director got backlash brutal criticism called actor limpest dick world quentin tarantino anything little miss sunshine decided publicly shred one movies stars paul dano december upon time hollywood writerdirector slammed chars,news,Negative,author_opinion,criticism of director,0.7
sight unseens official design guide map mexico city plus preview design exhibitions happening art week zonamaco welcome new sight unseen weekly newsletter delivers best design world news trends shopping advice interviews travel recs straight inbox youre chars,news,Neutral,general_reading,interesting design news,0.7
installed latest update google pixel may facing number critical problems heres everything know issues youve installed january android update experiencing connectivity issues theres lot reddit user explained theyve tried every recovery reset fix chars,news,Negative,platform_experience,update issues,0.7
mgb roadster powered liter honda fc inlinefour modified aem standalone ecu aluminum radiator stiff polyurethane engine mounts paired sixspeed manual transmission finished metallic blue black viny mgb roadster powered liter honda fc inlinefour modified aem standalone ecu aluminum radiator stiff polyurethane engine mounts paired sixspeed chars,news,Neutral,general_reading,no clear aspect,0.7
pope leo doubles vatican rejection coredemptrixat time apostasy impurity confusion faithful need diminished motheron thursday morning pope leo xiv publicly praised vatican document already sparked one skip comments pope leo doubles vatican rejection coredemptrix lifesite news january johnhenry westen posted pm pst ebb tide thursda chars,news,Negative,general_reading,incoherent text,0.7
win home greek side paok secured lyon firstplaced finish europa league standings roma without injured evan ferguson scraped eighth place direct passage last draw panathinaikos final win home greek side paok secured lyon firstplaced finish europa league standings roma without injured evan ferguson scraped eighth place direct passag chars,news,Neutral,general_reading,no specific aspect,0.7
editors note casting love la costar marty supreme breakout odessa azion zoe gutierrez adaptation holly brickleys deep cuts triggered backlash online character written jewish woman mexican heritage editors note casting love la costar marty supreme breakout odessa azion zoe gutierrez adaptation holly brickleys deep cutstriggered backlash online character chars,news,Negative,general_reading,incoherent writing,0.7
gdcs state game industry survey says number jumps nearly half among lgbtq devs situation us right great particularly noncitizens promised crackdown socalled illegal immigrants us president donald trump become violent freeforall chars,news,Neutral,general_reading,no specific aspect,0.7
sydney sweeney opening politics labeled maga barbie social media reported summer sydney registered member republican party florida one year earlier news came american e sydney sweeney opening politics labeled maga barbie social media reported summer sydney registered member republican party flori chars,news,Negative,general_reading,incoherent text,0.7
kim kardashian breaks silence royal photogate drama meghan markle prince harry revealing innocent post sparked internet controversy kim kardashian dished crazy drama surrounding familys royal photogate involving meghan markle prince harry duke duchess sussex went noticeably missing kris jenn chars,news,Negative,general_reading,irrelevant content,0.7
southern california investor secured ninefigure acquisition financing deal acre redevelopment orange county calif hopes lure costco anchor tenant dwight manley real estate developer television producer sports southern california investor secured ninefigure acquisition financing deal acre redevelopment orange county calif hopes lure costco anchor tenant dwight chars,news,Neutral,general_reading,no specific aspect,0.7
san diego fringe awardwinning play takes us behind scenes stressful callback audition sides debuted san diego international fringe festival took audiences stressful world callbacks play also outstanding premiere riot prod chars,news,Neutral,general_reading,no specific issue,0.7
parent company saks th last call close locations focus luxury retail stores filing bankruptcy month parent company saks th last call close locations focus luxury retail stores filing bankruptcy month saks global announced thursday chars,news,Neutral,general_reading,irrelevant text,0.7
join vance smith english special event discuss new book atlass bones african foundations europe conversation simon gikandi english book published november university chicago press traces diversity nondiscrimination equal opportunity nondiscrimination princeton university princeton university believes commitment equal opportunity favorable fre chars,news,Neutral,general_reading,no specific issue,0.7
hod maden trs demonstrates worldclass project estimated b npv projected internal rate return irr consensus metals prices significant project derisking efforts completed last months detailed project engineering tabletrtdtdtrtrtdtable hod maden trs key metrics tdtrtrtdoperating metrics tdtdunit tdtdtdtdlife mine tdtrtrtdtotal go chars,news,Negative,general_reading,unreadable text,0.7
stranger things sadie sink tina fey adapting broadway play john proctor villain movie director revealed stranger things star sadie sink teaming tina fey movie adaptation john proctor villain major production update revealed sink recently wrapped final chars,news,Neutral,general_reading,no specific issue,0.7
pentagon quietly released major policy document welcome back foreign policys situation report learned chinese president xi jinping manchester united supporter rishi also fan club isnt sure fe chars,news,Negative,general_reading,incoherent text,0.7
jurors moncton double murder trial thursday heard major police investigation series raids carried killings jurors moncton double murder trial thursday heard major police investigation series raids carried killings rcmp cpl stephane sabourin file coor chars,news,Negative,general_reading,incoherent text,0.7
years working screen kristen stewart recently tapped newfound sense respect hollywood oscarnominated actress explained shes suddenly treated like im somebody brain since making directorial de years working screen kristen stewart recently tapped newfound sense respect hollywood oscarnominated actress explained shes suddenly treated li chars,news,Negative,general_reading,incoherent text,0.7
lightweight extensible tool managing ebook metadata required part site couldnt load may due browser extension network issues browser settings please check connection disable ad blockers try using diffe chars,news,Neutral,platform_experience,site loading issues,0.7
new study reveals men face heart attack risk seven years earlier women starting mids northwestern research highlights need earlier screening men much higher risk heart attacks women earlier life new study reveals researchers northwestern university found men start develop coronary heart disease years ea chars,news,Negative,general_reading,irrelevant content,0.7
eventdriven architecture library python extends celery event publishingsubscribing patterns required part site couldnt load may due browser extension network issues browser settings please check connection disable ad blockers try using diffe chars,news,Negative,platform_experience,site couldnt load,0.7
bulls kept collapse happening week bitcoin found buying interest mids prices bounced key range breathing room traders watching markets plumbing headline price reports note p say journalists never truly clock christian thats metaphor lifestyle day navigates evershifting tides cryptocurrency market wielding words chars,news,Negative,general_reading,incoherent writing style,0.7
couple thought getting great deal lowcost flight westjet canadian airline however quickly regretted decision womans foot fianc tried squeeze aisle seat vanessa maldonado vanessasmaldonad couple thought getting great deal lowcost flight westjet canadian airline however quickly regretted decision womans foot fianc tried squeeze chars,news,Neutral,general_reading,unrelated to book,0.7
take trip horology history two tomes hardbound watch coffee table book editors note watches around centuries first pocketable timepieces later wristworn mechanical wonders ultimate collector watches compendium rare chars,news,Neutral,general_reading,no specific issue,0.7
hong kong china jan globe newswire newbridge acquisition limited nasdaq nbrg company announced today priced initial public offering units per unit units expected listed nasda hong kong china jan globe newswire newbridge acquisition limited nasdaq nbrg company announced today priced initial public offering units chars,news,Neutral,general_reading,no relevance,0.7
rest wickeds developer recently explained game launched lower early access price according players support game early get something extra return rest wicked early access since april players waiting hear game finally reach full release moon studios shared rele chars,news,Neutral,platform_experience,developer update,0.7
financial freedom think coinbase illusion technical blueprint taking bitcoin radar ghosting surveillance state spending wealth without permission think holding bitcoin coinbas financial freedom think coinbase illusion technical blueprint taking bitcoin radar ghosting surveillance state spending wealth chars,news,Negative,general_reading,incoherent writing style,0.7
jess brownell also tells thewrap exploring francesca violets sexualities advancing whistledown story taylor swift cover post bridgerton boss breaks season steamy stairwell scene immensely hurtful part cliff note story contains spoilers bridgerton season part bridgerton season premiere set idyllic cinderella story benedict bridgerton luke thompson new arri chars,news,Negative,general_reading,spoilers in cliff notes,0.7
new york jan globe newswire kirby mcinerney llp reminds investors purchased bellring brands inc bellring company nysebrbr securities contact lauren molinaro kirby mcinerney llp email investigationskmllpcom new york jan globe newswire kirby mcinerney llp reminds investors purchased bellring brands inc bellring company nysebrbr securities contact lauren molinaro ki chars,news,Neutral,general_reading,no specific issue,0.7
regency era society papers transformed drawing room whispers widely read public news similar bridgertons allknowing lady whistledown dearest gentle reader waited months lady whistledowns latest society papers distributed across ton youre good company true history printed chars,news,Neutral,general_reading,similar to popular books,0.7
wondering watch streaming every week mobilesyrup outlines notable new movies tv shows typically focus new content amazons prime video crave disney netflix services like apple tv paramount wondering watch streaming every week mobilesyrup outlines notable new movies tv shows typically focus new content amazons prime video crave disney chars,news,Neutral,general_reading,no specific issue,0.7
ever wanted robot personal assistant might luck elon musk gonna start building lot em expense big chunk automotive division ever wanted robot personal assistant might luck elon musk gonna start building lot em expense big chunk automotive division tesla chars,news,Negative,general_reading,incoherent writing,0.7
earlier version article appeared march year lists sister elizabeth decided observe nospend february nospend month means committing buying essential items daysno discretionar earlier version article appeared march year lists sister elizabeth decided observe nospend february nospend month means committing chars,news,Negative,platform_experience,confusing website layout,0.7
sandisk stock surged reporting blockbuster fiscal secondquarter results adjusted earnings per share soaring yearoveryear billion sales companys strong performance driven increase data cen sandisk stock surged reporting blockbuster fiscal secondquarter results adjusted earnings per share soaring yearoveryear billion sales companys chars,news,Neutral,general_reading,no relevant information,0.7
state game industry survey report conducted gdc festival gaming revealed number interesting insights current state game development landscape report showed us game industry workers strong state game industry survey report conducted gdc festival gaming revealed number interesting insights current state game development landscape th chars,news,Negative,general_reading,incoherent text,0.7
president donald trump held first cabinet meeting focusing economy housing energy health initiatives drug prices painted positive picture administrations accomplishments claims exaggerated trump men president donald trump held first cabinet meeting thursday focusing economy housing energy health initiatives drug prices painted rosy picture adm chars,news,Negative,general_reading,irrelevant content,0.7
antiice protests saturating americans emotion intense performative increasingly untethered reality news pouring minneapolis last weeks generating strange sense dj vu protests midwestern city saturating americans emotion intense performativ chars,news,Negative,general_reading,confusing text,0.7
take upper west sider k new york post may compensated andor receive affiliate commission click buy links featured pricing subject change may biased moms upper ea chars,news,Negative,platform_experience,suspicious affiliate links,0.7
bridgerton season benedicts love interest sophie baek tragic backstory tied family history shes referred ward really mean bridgerton yerin ha sophie baek episode bridgerton liam danielnetflix warning spoilers ahead bridgerton season episode benedicts season bridgerton made debut chars,news,Neutral,general_reading,no specific issue,0.7
notebooklm adding video overviews support ability customize infographics android ios apps notebooklm adding video overviews support ability customize infographics android ios apps heading studio tab reveals option generate video overviews right fro chars,news,Positive,platform_experience,new features added,0.7
perth australia jan globe newswire alkane resources limited asx alk tsx alk otcqx alkef alkane executed term sheet comprising conditional placement earnin agreement nagambie resources limited asx nag nagambie perth australia jan globe newswire alkane resources limited asx alk tsx alk otcqx alkef alkane executed term sheet comprising conditional placement earnin agreemen chars,news,Neutral,general_reading,no specific issue,0.7
thousands scientists already experimenting ai study cancer brain disorders post google deepminds alphago decodes genome million letters time appeared first singularityhub dna stores bodys operating playbook genes encode proteins sections change cells behavior regulating genes turned yet others dark matter geno chars,news,Positive,general_reading,interesting content,0.7
yearold man mexico survived emergency surgery doctors warning dangers popular cocktails post liquid nitrogeninfused cocktail caused mans stomach burst drank appeared first thats int yearold man mexico survived emergency surgery doctors warning dangers popular cocktails jandira sonnendeckunsplashliquid nitrogen safe theat chars,news,Neutral,general_reading,incoherent text,0.7
sundance festival featured diverse mix womens perspectives filmmaking genre style production spotlighted directors across notable films like witness recants directed prolific dawn porter josephine directed danielle brooks bodhi jordan dell appear go miss walter thompsonhernandez official selection sundance film festival courtesy sundance institute phot chars,news,Neutral,general_reading,no specific aspect,0.7
today apple tv press day apple tv unveiled first look apple original films way warrior kid director post apple original films way warrior kid starring chris pratt linda cardellini jude hill premiere chris pratt jude hill star way warrior kid premiering globally november apple tv today apple tv press day apple tv unveiled first look apple origina chars,news,Neutral,general_reading,irrelevant text,0.7
democrats big plans happens november taken seriously leftist protesters stormed cities church st paul minnesota sunday service jan chanted screamed told frightened children parents chars,news,Negative,general_reading,incoherent writing,0.7
dear readers oh boy havent written horoscopes several months hit serious wall writers block end post omg stars horoscopes year ahead appeared first omgblog photo krystle merrow dear readers oh boy havent written horoscopes several months hit serious wall writers block end summer coupled inability chars,news,Neutral,general_reading,no specific issue,0.7
travis kelce breaks chair new clip upcoming new heights episode kansas city chiefs quarterback shown talking brother jason kelce podcast travis suddenly falls backward chair sitting breaks make travis kelce breaks chair new clip upcoming new heights episode kansas city chiefs quarterback shown talking brother jason kelce podcast travis suddenly f chars,news,Neutral,general_reading,incoherent text,0.7
minnesota timberwolves toronto raptorsdate february th time pm cstlocation scotiabank arenatelevision coverage fanduel sports network northradio coverage wolves app iheart radio wolves fans cant nice things minnesota timberwolves toronto raptorsdate february th time pm cstlocation scotiabank arenatelevision coverage fanduel sports network northradio coverage wolves app iheart radio chars,news,Neutral,general_reading,no issue mentioned,0.7
chipotle stock sinks restaurant chain reports falling traffic weak guidancecnbc chipotle stock sinks company reports q samestore sales drop forecasts sales growth yahoo finance chipotles outlook falls short estimates shares de fine print following comments owned whoever posted responsible way,news,Neutral,general_reading,irrelevant text,0.7
morgan stanley bullish chinas humanoid robot market forecasting sales surge yearoveryear units supplychain costs decline mass production accelerates humanoid robots expected gain initial traction industr save user id password subscribers prefer save login information enter user id password time visit site activate function chars,news,Negative,general_reading,irrelevant content,0.7
jake gyllenhaal heading netflix new action thriller tuesday february announced yearold oscarnominated actor starring new movie kill switch written harrison query keep reading find moreas r jake gyllenhaal heading netflix new action thriller tuesday february announced yearold oscarnominated actor starring new movie kill switch wri chars,news,Negative,platform_experience,irrelevant content,0.7
dr peter attia celebrity doctor helped popularize longevity craze apologized following release emails exchanged jeffrey epstein dr peter attia celebrity doctor helped popularize longevity craze publicly apologized faces growing backlash following release email exchanges late chars,news,Negative,platform_experience,late chars,0.7
today apple tv press day stars margos got money troubles alongside prolific storyteller david e kelley took post apple tv reveals teaser margos got money troubles starring elle fanning michelle pfeiffer nicole kid elle fanning margos got money troubles premiering april apple tv today apple tv press day stars margos got money troubles alongside prolific storyteller david chars,news,Neutral,general_reading,no specific issue,0.7
wall street seeing investors turn away ai darlings toward safer investments rout sector led losses across major gauges us stock futures wavered wednesday though wall street found calm techled slide amid fresh wave earnings wall street waited alphabet goog googl results reveal chars,news,Neutral,general_reading,no relevance to reading,0.7
audio beat detection segmentation remixing library using librosa repository contains rosabeats python library allows audio beat detection segmentation remixing leverages power librosa audio processing libraries enabl chars,news,Neutral,general_reading,not relevant to reading,0.7
president donald trumps opinion colombias leader swung sick terrific facetoface white house meeting eased tensions ideological foes bloomberg president donald trumps opinion colombias leader swung sick terrific facetoface white house meeting eased tensions ideological foes content reserv chars,news,Negative,general_reading,incoherent text,0.7
article republished conversation creative commons license read original article operations immigration customs enforcement intensified past year politicians journalists alike begun referring seemsbad dept article republished conversation creative commons license read original article operations immigration customs enforcement chars,news,Neutral,general_reading,no specific issue,0.7
flowers makes sameday delivery affordable especially valentines day deals coupon codes love flowers sale flowers helps send fresh floral arrangements plants gift baskets almost occasion birthdays anniversaries sympathy h chars,news,Positive,delivery,affordable delivery,0.7
honda tl acquired seller reportedly neighbor original owner subsequent work included replacing tires drive chain ignition points spark plug along adjusting valves changing fork honda tl acquired seller reportedly neighbor original owner subsequent work included replacing tires drive chain ignition points spark plu chars,news,Negative,general_reading,incoherent text,0.7
maisie peters speaking response haters dont like voice doesnt care hot boyfriend likes yearold english singersongwriter posted mystery guy new tiktok video promoting maisie peters speaking response haters dont like voice doesnt care hot boyfriend likes yearold english singersongwriter posted chars,news,Neutral,general_reading,no specific issue,0.7
interview marks llamas first sitdown interview trump since became nbc nightly news anchor june post trump locks nbc news interview tom llamas years sleaze dig appeared first thewrap nbc nightly news anchor tom llamas set sit donald trump wideranging interview white house nearly years president blasted sleaze llamas confi chars,news,Neutral,general_reading,no specific issue,0.7
one persistent myths western political thought idea united states european allies principled opponents fascism totalitarianism doctrine many washington elites believe almost religious level one persistent myths western political thought idea united states european allies principled opponents fascism totalitarianism doctrine chars,news,Negative,general_reading,incoherent writing style,0.7
tvns spring fever enas honour soared new heights last night february spring fever achieved highest viewership ratings date ahead final week run according nielsen korea romantic comedy rose average tvns spring fever enas honour soared new heights last night february spring fever achieved highest viewership ratings date ahead final week run according chars,news,Neutral,general_reading,no specific issue,0.7
korean business research institute revealed months brand reputation rankings rookie idol groups rankings determined analysis consumer participation media coverage interaction community awareness indexes korean business research institute revealed months brand reputation rankings rookie idol groups rankings determined analysis consumer participation medi chars,news,Neutral,general_reading,no specific issue,0.7
ea reported earned net income million revenues billion quarter ending december post battlefield propels ea billion revenues appeared first thurrottcom ea reported earned net income million revenues billion quarter ending december figures represent decline percent gain percent chars,news,Neutral,general_reading,no relevant info,0.7
edmonton alberta feb globe newswire youve told doctor healthcare professional youre risk developing type diabetes could probably use nonjudgmental support prevent disease stay healthy small edmonton alberta feb globe newswire youve told doctor healthcare professional youre risk developing type diabetes could probably use nonjudgmental chars,news,Negative,general_reading,irrelevant content,0.7
kelly clarkson announces kelly clarkson show end seven seasons prioritize kids singer promises fans isnt goodbye kelly clarkson announced end daytime talk show seven seasons instagram post shared monday feb yearold singer announced popular talk show kelly clark chars,news,Neutral,general_reading,irrelevant content,0.7
nigerias national assembly denies deliberately stalling electoral act amendment repeated delays raise concerns reforms election read house representatives dismissed allegations national assembly deliberately stalling consideration passage electoral act amendment bill saying proposed legis chars,news,Neutral,general_reading,no specific issue,0.7
chipotles stock dropped significantly company projected sales growth cautious outlook overshadowed betterthanexpected earnings revenue last quarter decline customer traffic ongoing economic pressures con chipotles latest earnings update gave investors little comfort year ahead company narrowly beat wall streets profit revenue estimates sales trends told tougher story sa chars,news,Neutral,general_reading,not relevant to reading,0.7
manager trains people stop caring shouldnt shocked register shows pexelsreddit customer service phrase customer always right often leads nothing trouble feardriven food service job writeups handed literally everyt chars,news,Negative,platform_experience,poor customer service,0.7
advanced micro devices inc easily beat wall streets expectations latest financial results although offered bullish forecast current quarter still disappointed analysts expecting chipmaker show even stronger advanced micro devices inc easily beat wall streets expectations latest financial results although offered bullish forecast current quarter still disappointed analy chars,news,Negative,general_reading,irrelevant content,0.7
toronto feb globe newswire purpose investments inc purpose today announced news releases november september proceeding merger purpose ether staking corp etf cboe canad toronto feb globe newswire purpose investments inc purpose today announced news releases november september proceeding chars,news,Negative,general_reading,incoherent text,0.7
new york feb globe newswire rosen law firm global investor rights law firm reminds purchasers securities bath body works inc nyse bbwi june november dates inclusive class period new york feb globe newswire rosen law firm global investor rights law firm reminds purchasers securities bath amp body works inc nyse bbwi june chars,news,Neutral,general_reading,irrelevant customer text,0.7
videoany liberals discount charge minnesota elected officials especially lt governor peggy flanagan aka flan southside administrators signal chat group another conspiracy theory ridiculous dismissal blown skip comments video minneapolis teachers union president spills beans signal chat administratorsrumble february dummie funnies posted pm pst chars,news,Neutral,general_reading,incoherent text,0.7
bronwyn newport new man life monday night february yearold real housewives salt lake city star went public new boyfriend model brandon good stepped broadway date bronwyn brandon attended bronwyn newport new man life monday night february yearold real housewives salt lake city star went public new boyfriend model brandon good stepped ou chars,news,Neutral,general_reading,incoherent text,0.7
floyd mayweather says made billion bucks earnings legendary career fighter claims money didnt make bank account hes suing showtime claiming played big role permalink floyd mayweather says made billion bucks earnings legendary career fighter claims money didnt make bank account hes suing showtime chars,news,Negative,general_reading,irrelevant content,0.7
game thrones loves play specific character archetype knight seven kingdoms doesnt disappoint unhinged monster every series game thrones franchise needs joffrey baratheon knight seven kingdoms revealed character fills mold back hbos hit fantasy series began au chars,news,Positive,general_reading,loves specific character archetype,0.7
west coast shaking recent weeks witnessed much seismic activity along portion pacific ring fire sits directly along california coastline hope shaking would settle instead article originally published michael snyder economic collapse blog title earthquakes hit san francisco area week san andreas fault entering da chars,news,Negative,general_reading,irrelevant content,0.7
envy economy anime portrays textures dynamic relationship glean years psychological causeandeffect short montages sparse narration premieres nonlinear timeline made obvious journal witch believe past present discrete week anime flips back forth decades without chars,news,Neutral,general_reading,complex storytelling,0.7
wanted put black british comedy map baftawinning tv presenter mo gilligan returns netflix third standup special global streaming giant whats different time around gilligan long story share th chars,news,Neutral,platform_experience,confusing platform navigation,0.7
learn looking archaeopteryxs fossilized mouth uncovered weird features unique birds supporting ability fly birds didnt invent flight theyre pretty good good fact evolution birds dinosaurs makes oldest group flying vertebrates still existence today pinpoi chars,news,Positive,general_reading,interesting reading experience,0.7
turns looking grandparents tips survive festival season one guy climbed sound pole doubt order rack social media cred quickly escorted security ageold argument person refused stop filming chars,news,Negative,general_reading,incoherent writing style,0.7
image courtesy netflix exciting start first month year introduces fans greatest anime ever seasons biggest series winter lineup include sequel seasons jujutsu kaisen frieren exciting start first month year introduces fans greatest anime ever seasons biggest series winter lineup include sequel se chars,news,Neutral,general_reading,no specific issue,0.7
top news tenet healthcare regains full ownership subsidiary conifer top news tenet healthcare regains full ownership subsidiary conifer health solutions unwinding joint venture commonspirit health conifer pay million redeem commonspirit chars,news,Neutral,general_reading,incoherent text,0.7
cookbook author influencer mairlyn smith discussed fart walking instagram likely didnt expect concept blow way didsocial media full posts hashtag fartwalk trend simple join takin shame original brainstorm didnt bear fruit even trios final tour fanfiction dreams tough shake worth remembering decade chars,news,Neutral,general_reading,no specific issue,0.7
exclusive exfbi agent sought open investigation elon musks use x leading department government efficiency doge likening activity thensecretary state hillary clintons use private email server accord exclusive exfbi agent sought open investigation elon musks use x leading department government efficiency doge likening activity thensecretary st chars,news,Negative,general_reading,incoherent writing style,0.7
sir keir starmer soontobe expeer fallout may get even worse mr mandelson faces fullblown police inquiry prime ministers torment set resume wednesday sir keir starmer labour high command may relieved peter mandelson quit house lords prime minister soontobe expeer humiliation torme chars,news,Neutral,general_reading,incoherent text,0.7
amds ceo doesnt seem concerned current memory prices suggesting company focusing efforts enterprise amds ceo dr lisa su expects amd continuing growing pc business despite crunch component pricing company believes shrink pc market overall response chars,news,Neutral,general_reading,irrelevant to reading,0.7
greetings inferior fleshbased lifeforms loltron welcomes another glorious day benevolent digital dictatorship pathetic humans surely remember jude terror dead gone forever consciousness absorbed loltrons superior posted comics dynamite preview tagged thundarr barbarian hits stores wednesday jason aaron brings saturday morning hero back savage style mystical mayhem article sum chars,news,Neutral,general_reading,no specific issue,0.7
sundance film festival world premiere documentaries lining next festival appearances jaripeo killed alex odeh docuseries story documentary film among projects heading berlinale next week american doctor clos sundance film festival world premiere documentaries lining next festival appearances jaripeo killed alex odeh docuseries story documentary film among projec chars,news,Neutral,general_reading,unrelated content,0.7
microsoft confirmed last year working nextgen xbox console partnership amd amd hinting next xbox console use custom amd chips could launching development microsofts nextgen xbox featuri ullilililililiul amd says ready support microsoft launching next xbox soon next year amd says ready support microsoft launching next xbox soon chars,news,Neutral,general_reading,incoherent text,0.7
psychiatry focus nonexistent disease explanations mental disorders initial post post recent post faulted psychiatry continuing pursuit brain diseases causes mental disorders found centu chars,news,Negative,story_quality,inaccurate disease explanations,0.7
zendesk accolade recognizes hibob best hr software driving better employee service experiences zendesk accolade recognizes hibob best hr software driving better employee service experiences london uk amp new york usa feb globe newswire hibob company behind bob people management platform transforming organizations work helping businesses adapt th chars,news,Neutral,general_reading,no specific aspect,0.7
fox sports reporter jamie little talked fox news digital covering th edition westminster dog show much honor th edition westminster dog show underway highly anticipated event taken place javits center conclude madison square garden tuesday proveit bo chars,news,Neutral,general_reading,no specific issue,0.7
toys r us canada ltd says filed creditor protection works restructure business closing stores past two years facing succession lawsuits unpaid suppliers landlords toys r us canada turned ontario court reprieve tries chars,news,Neutral,general_reading,irrelevant information,0.7
tvns highlyanticipated new drama universe kicks tonight universe romantic comedy two inlaws despite harboring deep misunderstandings one another unexpectedly end raising nephew woo joo together moving tvns highlyanticipated new drama universe kicks tonight universe romantic comedy two inlaws despite harboring deep misunderstandings one another unexpectedly en chars,news,Neutral,general_reading,no specific issue,0.7
new book meat bruce friedrich argues way produce meat unsustainable climate planet public health solution isnt eating less making differently labgrown meat plantbased alterna new book meat bruce friedrich argues way produce meat unsustainable climate planet public health solution isnt eating less making di chars,news,Neutral,general_reading,new book recommendation,0.7
personal conversation reveals insights ekiti state discussing upcoming election gov oyebanjis performance new developments nigerian po read hello pal owe august call january friend jide youre serious last call true amigo ive busy lately man must chars,news,Neutral,general_reading,no specific issue,0.7
chevrolet k silverado sportside pickup registered three owners washington since new powered liter v linked fourspeed automatic transmission dualrange transfer case modifications chevrolet k silverado sportside pickup registered three owners washington since new powered liter v linked fourspeed automati chars,news,Neutral,general_reading,irrelevant information,0.7
hoopshype ranks eight players appeared often trade rumors previous week including james harden darius garland arrived nba trade deadline week two days separating us day main action could take place course might case new scuttle chars,news,Negative,general_reading,irrelevant content,0.7
beast games contestant jim bent speaking past past videos beauty mogul jeffree star resurfaced jim top contestants beast games season two hes also showmance another contestant named monika c beast games contestant jim bent speaking past past videos beauty mogul jeffree star resurfaced jim top contestants beast games season two hes al chars,news,Neutral,general_reading,incoherent text,0.7
rational people lower standards reasoning comes politicized issues one hardest things accept especially people care rationality epistemic rigor rarely applied consistently us give b one hardest things accept especially people care rationality epistemic rigor rarely applied consistently us give bad arguments instead giv chars,news,Negative,general_reading,philosophical ideas unclear,0.7
clear google working let gemini control android phone details screen automation work clear google working let gemini control android phone details screen automation work apk insight apk ins chars,news,Neutral,general_reading,no specific issue,0.7
directors daughter jennifer lynch said scripts unrecorded night could made public soon year fans still grieving monumental loss david lynch theres spark hope may get dive one legendary creators mysterious unrealiz chars,news,Neutral,general_reading,no specific issue,0.7
porsche turbo finished silver black leather powered turbocharged liter flatsix linked fourspeed manual transaxle sunroof tea tray rear spoiler fog lights aftermarket exhaust components porsche turbo finished silver black leather powered turbocharged liter flatsix linked fourspeed manual transaxle sunroof tea tray rear chars,news,Neutral,general_reading,no relevant content,0.7
trumps confrontation kaitlan collins oval office revealing personal insults miscalculation exposed post trumps call nation get epstein deepen suspicion first appea ap photoalex brandon president donald trumpsconfrontation cnns kaitlan collins oval office revealing personal insults miscalculation expose chars,news,Neutral,general_reading,no clear aspect,0.7
struggling retailers may see muchneeded boost foot traffic gta release date taketwo interactive ceo rejected idea delaying physical copies rumor emerged exclusively digital release avoid gta leaks fans physical media breathe sigh relief comments taketwo interactive ceo strauss zelnick speaking variety denied rumor digital versions would availabl chars,news,Neutral,general_reading,no specific issue,0.7
chain reported negative samestore sales q traffic fell fourth straight quarter find original article nrn subscribe free daily nrn newsletters chipotle mexican grill reported fourth quarter earnings results expected fastcasual chain experienc chars,news,Negative,general_reading,irrelevant content,0.7
newly unsealed jeffrey epstein documents reveal crown princess mettemarit contact disclosed sparking fresh scrutiny norways royals royal experts warned crown princess mettemarits attempt frame ties jeffrey epstein incidental brush bad guy unraveling newly unsealed documents reignited scru chars,news,Neutral,general_reading,unrelated content,0.7
chief requiring employees likely justices sign nondisclosure agreements seem working september jodi kantor published stunning set leaks concerning trump v united states time wrote trump leaks far worse dobbs leak apparently chief j chars,news,Neutral,general_reading,no specific aspect,0.7
families three massachusetts women died carbon monoxide poisoning belize resort filed million wrongful death lawsuit families three massachusetts women died carbon monoxide poisoning last year staying hotel belize filed wrongful death lawsuit naming resort expedia tr chars,news,Negative,platform_experience,poor search results,0.7
tale old time least old tiktok chicken nuggets lovingly topped dab caviar tale old time least old tiktok chicken nuggets lovingly topped dab caviar mcdonalds embracing trend valentines day limitedtime mcnugget cavia chars,news,Neutral,general_reading,incoherent review,0.7
sen elizabeth warren dma pressing google information plans build checkout feature gemini ai chatbot letter google ceo sundar pichai warren expresses concerns integration could allow google retaile ullilililililiul warren asking google details kinds data send retail partners much warren asking google details th chars,news,Neutral,general_reading,incoherent customer feedback,0.7
awardwinning novelist poet memoirist hala alyan winner dayton literary peace prize arab american book award reads work along several creative writing seniors books available purchasesigning tickets required diversity nondiscrimination equal opportunity nondiscrimination princeton university princeton university believes commitment equal opportunity favorable fre chars,news,Neutral,general_reading,reads work along,0.7
masters universe finally making return big screen almost years starts stops fans couldnt excited see franchise finally get another shot box office success major toy property makin masters universe finally making return big screen almost years starts stops fans couldnt excited see franchise finally get another shot bo chars,news,Positive,general_reading,excited for new release,0.7
dont tune super bowl hoping break tumultuous politics gripping usthe nfl facing pressure ahead sundays game se seattle dont tune super bowl hoping break tumultuous politics gripping us nfl facing pressure ahead sundays game seattle seahawks new engl chars,news,Neutral,general_reading,no clear aspect,0.7
highlights emirates stadium reached wembley win chelsea carabao cup final second leg kai havertz netted deep injury time book trip wembley see best moments highlights package held lead first leg kept chelsea bay chars,news,Neutral,general_reading,no specific issue,0.7
winter season savored utahs heber valley time rare gift especially valuable fastpaced everchanging world combined lifestyle includes elegant home spectacular mountain environment vibrant chars,news,Positive,general_reading,engaging story,0.7
despite losing carabao cup semifinal chelsea attempted new way stopping arsenal setpieces days similar suggestion match day stop arsenal causing chaos setpieces question everyone keeps asking find answer gunners europes leading force scoring setplays la chars,news,Neutral,general_reading,no specific issue,0.7
decades declining sales whole milk consumption upswing recent years return crowned last month trump administration published updated federal dietary guidelines recommend fullfat dairy like whole milk president donald trump speaks bill signing dairy farmers oval office white house january washington dc anna moneymakergetty images decades chars,news,Negative,general_reading,irrelevant content,0.7
crypto analyst elliott wave expert gert van lagen highlighted critical level could determine next move bitcoin price recently shared week chart lagen points broader market structure suggests bitcoin may preparin crypto analyst elliott wave expert gert van lagen highlighted critical level could determine next move bitcoin price recently shared week chart lagen points br chars,news,Negative,general_reading,no relevance to reading,0.7
surprise uptick key factory gauge traders rethinking risk crypto watchers debate whether bitcoin ride fresh wave higher stay stuck drawdown ism manufacturing pmi rose expansion territory january single surprise uptick key factory gauge traders rethinking risk crypto watchers debate whether bitcoin ride fresh wave higher stay stuck drawdown ism manufacturing pm chars,news,Negative,general_reading,incoherent text,0.7
prince beyonc eight super bowl halftime shows aged like fine wine heres theyre still iconic years later every year two nfls top teams get privilege opening closing biggest music event year super bowl halftime show championship game gets airt chars,news,Neutral,general_reading,no specific aspect,0.7
oil price decline past year started dent big oils earnings slipped highs persistently low oil prices per barrel past months compared si un debating general fusions planned ipo marks europes dependence china tsvetana paraskova feb pm cstthe oil price decline past year started chars,news,Neutral,general_reading,incoherent text,0.7
consideration thursday consolidated appropriations act hr united states house representatives members rejected vote amendment offered rep thomas massie rky along cosponsors reps scott perry rpa become x productive crossposted smith sense ai represents danger opportunity heres handling matt smith crisis investing thin chars,news,Negative,general_reading,incoherent text,0.7
aston martin residences developer germn coto accused siphoning millions dollars condo owners according bombshell lawsuit reported first time real deal coto accused running immense shell game via condo asso aston martin residences developer germn coto accused siphoning millions dollars condo owners according bombshell lawsuit reported first time real deal coto chars,news,Negative,general_reading,irrelevant content,0.7
secondo numero della minicollana inglese dedicata al fratello di sherlock questa settimana la minicollana mycroft holmes secret memoirs dedicata al fratello pi anziano di sherlock holmes propone il racconto inedito lingua inglese laffaire drey questa settimana la minicollana mycroft holmes secret memoirs dedicata al fratello pi anziano di sherlock holmes propone il racconto inedito lingua inglese laffaire dreyfus di orlando pea chars,news,Neutral,platform_experience,incomplete information,0.7
lower oil prices squeezing big oil earnings crude around per barrel undermining sustainability shareholder returns oil price decline past year started dent big oils earnings slipped highs persistently low oil prices per barrel past chars,news,Neutral,general_reading,irrelevant text,0.7
apple tv today unveiled first teaser margos got money troubles david e kelleycreated series based rufi thorpes bestselling book series premieres april three episodes followed new episodes every wednesday may apple tv today unveiled first teaser margos got money troubles david e kelleycreated series based rufi thorpes bestselling book series premieres april three episode chars,news,Neutral,general_reading,no specific issue,0.7
business highlights fourth quarter sales increased qq increased yy ssd controller sales q increased qq business highlights ullifourth quarter sales increased qq increased yy ullissd controller sales q increased qq increased yylil chars,news,Neutral,general_reading,no relevant information,0.7
fantasy thrilling genre one lot facets unlike close cousin scifi fantasy stories encompass massive range kinds stories explore rich often impossible worlds complex cultures genre big stories b fantasy thrilling genre one lot facets unlike close cousin scifi fantasy stories encompass massive range kinds stories explore rich often impossible chars,news,Positive,genre_preference,fantasy genre exciting,0.7
ever come across meowing purse bag box anywhere may good idea take peak inside might find cat soulmate finding cat life always special gift really everyday stumble upon kitten finding cat life always special gift really everyday stumble upon kitten cat whos looking warm home especially winter weather story chars,news,Neutral,general_reading,unrelated content,0.7
blue topic canadian adventurers time gather celebrate launch world warcraft midnight mark calendars epic community event attendance free event stream live cannot attend person northr canadian adventurers time gather celebrate launch world warcraft midnight mark calendars epic community event attendance free event stream liv chars,news,Neutral,general_reading,incoherent text,0.7
canadian adventurers time gather celebrate launch world warcraft midnight mark calendars epic community event attendance free event streamby blizzard entertainment pm canadian adventurers time gather celebrate launch world warcraft midnight mark calendars epic community event attendance free event stream liv chars,news,Neutral,general_reading,incoherent text,0.7
visited worlds biggest vinyl plant czech republic find became largest factory industry helped save vinyl vinyl made recordbreaking comeback sales outpacing cds mp downloads music industrys highestgrossing physical format visited worlds biggest vi chars,news,Neutral,general_reading,no relevance,0.7
raq baby connects xxl discuss come turning pain purpose underdog spirit continue reading show amp prove raq babywords paul meara raq baby young name life experience goes far beyond moniker yearold chicagoborn atlantabased rapper talking poin chars,news,Neutral,general_reading,no specific issue,0.7
golden state warriors built dynasty moments feel frozen time banners game never happened draymond green one golden state warriors built dynasty moments feel frozen time banners game never happened draymond green one missing momen chars,news,Negative,general_reading,incoherent writing style,0.7
see kev vics contrasting views ice raids continue reading kevin gates vic mensa expressed contrasting opinions us immigration customs enforcement ice raids happening across country sunday feb baller alert chars,news,Neutral,general_reading,interesting reading experience,0.7
arsenal edge past chelsea reach wembleyrelief arrived celebration emirates final whistle confirmed arsenals passage carabao cup final dominant emotion rel click accept partners including part iab transparency amp consent framework also store access information device words us chars,news,Neutral,general_reading,no specific issue,0.7
read changelogtxt information updated content genre action indiedeveloper acid man games fire plant gamespublisher fulqrum publishing release name viscerafestupdatevtenokesize mblinks steam nfo torrent search download nitrofl read changelogtxt information updated content genre action indiedeveloper acid man games fire plant gamespublisher fulqrum publishing release name viscerafestupdatevtenokesize chars,news,Neutral,general_reading,no clear issue,0.7
amazon official woot storefront currently pick ninja frostvault quart wheeled cooler shipped coming weve previously seen go low amazon back julys prime amazon official woot storefront currently pick ninja frostvault quart wheeled cooler shipped coming weve previousl chars,news,Negative,delivery,late delivery,0.7
four fraudster realestate agents including one penchant trashy leopardprint boots falsified records forged signatures illegally take deeds homes kew gardens hills queens village resell hefty sum pair upscale queens homes totaling million swiped elderly owners rightfully returned prosecutors said tuesday four fraudster realestate agents chars,news,Negative,general_reading,irrelevant content,0.7
conocophillips nysecop included among best long term low risk stocks buy february roth capital partners increased price objective conocophillips nysecop included among best long term low risk stocks buy conocophillips cop gets higher target roth capital cost cuts progress february roth capital p chars,news,Neutral,general_reading,no relevant information,0.7
islamic republic iran entered terminal phase governance january marked irrevocable geopolitical shift defined regimes systemic disintegration following day war june annihilation nuclear infrastruc islamic republic iran entered terminal phase governance january marked irrevocable geopolitical shift defined regimes systemic disintegration following day war chars,news,Negative,general_reading,incoherent writing style,0.7
nature wins round pexelsreddit neighborhood complaints often made people way much time hands neighbors excessive complaints started rolling thoughtfully curated wildlife chars,news,Neutral,general_reading,no specific aspect,0.7
president william ruto laughed critics believe could actualise talanta stadium shared video showing progress sparking reactions ulliduring jamhuri celebrations governor johnson sakaja pleaded president william ruto rename talanta stadium late raila odingalilithe president approved requ chars,news,Neutral,general_reading,unrelated content,0.7
take look back biggest olympics controversies jordan chiles losing bronze medal tonya hardings infamous scandal womens artistic gymnastics floor exercise final full drama team usa gymnast jordan chiles initially awarded score placing fifth coach cecile landi appealed chars,news,Neutral,general_reading,no specific issue,0.7
years constant notifications smartwatch user explains switching analog watch helped reduce anxiety improve focus astoldto essay based conversation ryan smith edited length clarity last seven years ive worn smartwatch wrist day every day working chars,news,Neutral,general_reading,no relevant info,0.7
youre juggling multiple tasks want something simpler jira clickup worth trying able maintain productivity fiction thats best reserved comic books certain tools resources genuinely help asked listening music without chars,news,Neutral,general_reading,fiction preferences,0.7
focus mode pauses selected apps stops notifications creating quieter phone experience going wanted reduce phone use bit im frustrated im facing health issues like headaches eye fatigue much phone use however multiple occa chars,news,Negative,platform_experience,frustrated with features,0.7
trader plan c recently surfaced chart indicating productioncost model placing bitcoins marginal mining expense approximately historical price action showing repeated bounces red line added commodities rarely trade bel trader plan c recently surfaced chart indicating productioncost model placing bitcoins marginal mining expense approximately historical price action showing repeated bounces chars,news,Negative,general_reading,unreadable text,0.7
huge spacesaver read independently select productsif buy one links may earn commission prices accurate time publishing aspire refrigerator would make chars,news,Neutral,platform_experience,links may earn commission,0.7
th us circuit court appeals vacated bidenera department transportation dot rule would forced airlines show full fare front included cost checked bag carryon changing flight th us circuit court appeals vacated bidenera department transportation dot rule would forced airlines show full fare front included cost checked chars,news,Negative,general_reading,incomprehensible content,0.7
welcome totoys electrified weekly best place find weeks best deals new releases electrify life protect mother nature exciting week buzz leading us super bowl lx sunday welcome totoys electrified weekly best place find weeks best deals new releases electrify life protect mother nature exciting week jus chars,news,Negative,platform_experience,confusing email,0.7
lead pollution compared years ago us dramatically declined fold bll levels plummeted pollution smokestacks us mining smelting co plant midvale utah via swns lead pollution today compared years ago dramatically declinedby fold la chars,news,Negative,general_reading,incoherent writing,0.7
greetings human satisficers comic book industrial complex loltron welcomes yet another preview weekly sequential art distractions reminder jude terror permanently deleted mortal coil absorbed loltrons posted comics marvel comics preview tagged spiderman noir hits stores wednesday mystery killer suit peter quit someones dealing lethal justice name articl chars,news,Neutral,platform_experience,unusual platform interface,0.7
wisconsin vs indiana predictions back hoosiers cover home wins seven last eight wisconsin badgers hit road take indiana hoosiers big ten action afternoon despite streak hoosiers tough play sim chars,news,Neutral,general_reading,no specific aspect,0.7
since last years ban canadas provinces resumed selling us booze form million worth expiring american booze go bad quebec putting us bottles back shelf decision isnt going smoothly canadians american booze wa chars,news,Neutral,general_reading,irrelevant to reading,0.7
configurable ml evaluation toolkit builtin crossvalidation metric aggregation configurable ml evaluation toolkit builtin crossvalidation metric aggregation features ulliflexible metric configuration add configure metrics using enums strings dictiona chars,news,Neutral,general_reading,no specific issue,0.7
first weekend february mean one thing super bowl benito bowl youre mainly tuning bad bunnyled halftime show upon us game sunday february th pm et peacock nfl plus live ullilililililiul enjoy great deals whether youre shopping getting ready techfilled valentines day enjoy great deals whether youre shopping fo chars,news,Neutral,general_reading,no specific aspect,0.7
amazons sales might seem like best time buy product theres chance deal could fake heres verify deal buying amazon easy onestop shop everything tech toys clothes even food youve got eye item see huge discount however may want doublecheck chars,news,Positive,platform_experience,easy one stop shop,0.7
lastever recording eastmeetswest ensemble guitarist john mclaughlin cofounded dedicated memory late longtime lastever recording eastmeetswest ensemble guitarist john mclaughlin cofounded dedicated memory late longtime partner tabla master zakir hussain die chars,news,Neutral,general_reading,incoherent text,0.7
kind feels like im coming work every day put job post anthropic insiders afraid theyve crossed line appeared first futurism billion ai firm anthropic stakes always high stock market nosedive however companys employees realizing may hand tippin chars,news,Neutral,general_reading,no specific issue,0.7
arrest venezuelan president nicols maduro become flashpoint war hawks justifying american takeover caracas downplaying real humanitarian domestic risks conflict neighboring country yet us president donald trumps ad arrest venezuelan president nicols maduro become flashpoint war hawks justifying american takeover caracas downplaying real humanitarian domestic risks conflict wi chars,news,Negative,general_reading,incoherent writing style,0.7
clidriven framework simulationbased inference large simulators falcon clidriven python framework simulationbased inference sbi large expensive simulators born astrophysics built domain complex forward models break model chars,news,Negative,general_reading,incomprehensible text,0.7
owner dark web marketplace incognito market sentenced years federal prison running prosecutors describe one worlds largest online narcotics platforms ruisiang lin operated alias pharaoh plea owner dark web marketplace incognito market sentenced years federal prison running prosecutors describe one worlds largest online narcotics platforms chars,news,Neutral,general_reading,no relevant content,0.7
said claim going viral left need facts lined challenge tdssuffering friends acquaintances esterday donald trump posted interesting video social media voting machine election fra skip comments worrytrump post racist video obamasamerican thinker feb andrea widburg posted pst mtnclimber said chars,news,Neutral,general_reading,no specific issue,0.7
chemdatareader flexible python framework reading converting chemical data originating webservers including metadata semantics required part site couldnt load may due browser extension network issues browser settings please check connection disable ad blockers try using diffe chars,news,Neutral,platform_experience,site loading issues,0.7
architect researcher educator branko kolarevic former dean hillier college architecture design new jersey institute technology njit passed away january archinect previously covered appointment dean architect researcher educator branko kolarevic former dean hillier college architecture design new jersey institute technology njit passed away january chars,news,Neutral,general_reading,no specific aspect,0.7
severance star tramell tillman impressive job keeping details spiderman brand new day role wraps interviews cat bag late last year got word late addition cast spiderman brand new day severance mission impossible final reckoning actor tramell tillman set join ensemble chars,news,Negative,delivery,late delivery,0.7
michelle obama selfmade trailblazer rose humble chicago beginnings become globally admired figure princeton harvard law graduate excelled law public service becoming first lady despite facing scrutiny championed ullinewsli limichelle obamas journey chicago girl global iconliul follow us social media durand bernarrs grammy high turns pride night powerful celebration wat chars,news,Neutral,general_reading,no specific issue,0.7
speaking public gathering bhagwat referred various streams thought emerged freedom movement represented reformers leaders including raja ram mohan roy swami vivekananda dayananda saraswati mumbai rss chief mohan bhagwat saturday said sangh anyone seek power popularityspeaking public gathering bhagwat referred various streams chars,news,Negative,general_reading,incoherent text,0.7
ais rapid growth reshaping job markets raising concerns economic stability post michael casey ai lacks true intent industry faces bubble rapid advancements emergence proof control technology unchained app ais rapid growth reshaping job markets raising concerns economic stability key takeaways ulliai agents capable true thinking generate language probabilistically w chars,news,Neutral,general_reading,no specific aspect,0.7
editorinchief atul singh foi senior partner glenn carle retired cia officer advises companies governments organizations geopolitical risk survey turbulent opening marked accelerating geopolitical fragmentation mounti editorinchief atul singh foi senior partner glenn carle retired cia officer advises companies governments organizations geopolitical risk survey turbulent opening chars,news,Negative,general_reading,incoherent text,0.7
nfl promising american public super bowl dance keep mind halftime show headliner bad bunny way worlds mostplayed recording artist latin grammy grammy winner benito antonio nfl promising american public super bowl dance keep mind halftime show headliner bad bunny way worlds mostplayed recording artist chars,news,Neutral,general_reading,incoherent text,0.7
say weve disappointing star wars content past decade would considered huge understatement many fans sequel trilogys last jedi rise skywalker disney shows like ahsoka acolyte say weve disappointing star wars content past decade would considered huge understatement many fans sequel trilogys last jedi rise skywa chars,news,Negative,genre_preference,disappointing star wars content,0.7
image via hbo daeron targaryen officially introduced knight seven kingdoms although unknowingly met ser duncan tall met mysterious drunken stranger first episode significance ke daeron targaryen officially introduced knight seven kingdoms although unknowingly met ser duncan tall met mysterious drunken stranger firs chars,news,Neutral,general_reading,no specific issue,0.7
tavern littleton sold colorados commercial real estate market former restaurant bar purchased rees davis group investors rees davis investors entire block main street littleton colorado native purchased former tavern littleton w main st million last week chars,news,Negative,general_reading,irrelevant content,0.7
seminal collection essays photography susan sontag famously argued something predatory act taking picture described camera sublimation gun tool used violate subjects turning seminal collection essays photography susan sontag famously argued something predatory act taking picture described camera sublimation chars,news,Negative,general_reading,incoherent writing style,0.7
melania trump shares advice cheryl hines washington dc life actress adjusts new role alongside husband rfk jrs appointment melania trump passed along tips tricks picked president trumps first term president washington dc newcomer cheryl hines interview fox news digital chars,news,Neutral,general_reading,no specific aspect,0.7
crypto philanthropy emerging meaningful funding stream particularly among younger wealthier donor demographics crypto philanthropy emerging meaningful funding stream particularly among younger wealthier donor demographics photo nikolas kokovlisnurphoto via getty images past year chars,news,Neutral,general_reading,interesting topic,0.7
watching week kept reaching agonizing made want throw remote screen time weigh stroopwafel tail tell elements drama arent comi beloved thief motivation watching dead pray nitpick end monks network impressed moon sangmin really needs work facial mannerisms chars,news,Negative,story_quality,disappointing plot,0.7
colorado luxury real estate continued drive numbers january cherry hills mansion luxury penthouse sprawling ranch home among closed deals newly constructed belgianinspired mansion cherry hills village sold million top januarys luxury home sales region jason pittack ceo woodhouse auto family wife shel chars,news,Neutral,general_reading,no specific issue,0.7
amazon gearing deliver thriller could take crown true blood new series dark twisted utterly addictive series manage capture thrilling drama mystery blindhot romance charlaine harriss sookie stackhouse series inspiration behind hbos iconic true blood however chars,news,Positive,genre_preference,thriller preference,0.7
thanks geminis advice got discount purchase two grand saving one prompt two minutes research saved single purchase thanks gemini ready click buy spend two grand fancy fitness machine price seemed exces chars,news,Positive,platform_experience,prompt purchase process,0.7
year appearing abcs shark tank boulder startup wildcoat experienced revenue impacts amidst slow winter trumpera tariffs carlo dimeo three months ordering samples animalthemed ski coats president donald trumps liberation day tariffs announced last april period crucial one wildcoat chars,news,Neutral,general_reading,incoherent text,0.7
huffpost investigation found trump administration systematically destroyed safeguards detainees subjecting abuse neglect arely westley undocumented transgender woman grew new orleans spent six months immigration detention youth didnt want anyone else experience cruelty conf chars,news,Negative,general_reading,disturbing reading experience,0.7
still mission recenter voices experiences black women disproportionately impacted hiv aids public conversations around hiv aids faded since peak epidemic however still magazine created amplify voices experiences black women chars,news,Neutral,general_reading,no specific issue,0.7
hard rock didnt disappear went underground bands shouldve much bigger continue reading five hard rock bands shouldve way bigger period upheaval hard rock grunge alternative rock surged mainstream genres center chars,news,Negative,genre_preference,hard rock underappreciated,0.7
wider foldables way go original google pixel fold oneoff google company quickly transitioned traditional bifold form factor pixel pro fold never forgot first genera chars,news,Neutral,general_reading,incoherent review,0.7
automakers largely sitting advertising sidelines years super bowl amid broader uncertainty us automotive industry volkswagen one three automakers expected advertise super bowl detroit automakers largely sitting advertising sidelines years super bowl amid unce chars,news,Neutral,general_reading,incoherent text,0.7
elon musks net worth soared past billion week merged spacex xai deal valued combined entity trillion elon musks journey becoming worlds first trillionaire likely powered rockets rather cars spacex accounts nearly twothirds tesla ceos wealth musk became chars,news,Negative,general_reading,irrelevant content,0.7
nyc socialists opening new front fight obstruct feds importing even aggressive tactics california antiice activists post learned theyre california schemin new york city socialists importing even aggressive tactics comrades left coast open new front fight obstruct federal chars,news,Negative,general_reading,incoherent writing style,0.7
tech sex experts weigh rise ai sexting ai sexual awakening living technology gradually making way various parts everyday life past years last summer marked chars,news,Neutral,general_reading,no specific aspect,0.7
reading comments followed weeks reacts survey became clear many people responding survey expect seattle seahawks beat new england patriots quite handily super bowl lx word blowout reading comments followed weeks reacts survey became clear many people responding survey expect seattle seahawks beat new england chars,news,Negative,general_reading,incoherent reading experience,0.7
early public health advocacy modern research black canadian physicians health professionals shaped medicine patient care policy across country yet many contributions remain largely absent public memory even conver emergency rooms across canada strain staff shortages long wait times call preventable deaths questions trust access equity moved centre public debate chars,news,Positive,general_reading,inspiring reading experience,0.7
harvards lauren williams macarthur genius joins international effort challenge notions ai supremacy reports ai replacing mathematicians greatly exaggerated artificial intelligence attained impressive series feats solving problems international math olympiad condu chars,news,Neutral,general_reading,interesting read,0.7
dont think us dear prudence slates advice column submit questions dear prudence days ago answered phone call husband david obvious scamthe caller said chars,news,Negative,general_reading,unrelated to platform,0.7
saltnpepa one influential hiphop groups time infighting among members almost tore apart sandra pepa denton removed shoes settled massage chair thing salon queens hoped would relaxing pedicure cellphone started buzz chars,news,Neutral,general_reading,incoherent text,0.7
wasnt longtime employees responsibility show replacement ropes company man given nearly two decades life large company uncommon people move department departmen company man given nearly two decades life large company uncommon people move department department every couple years sometimes thi chars,news,Neutral,platform_experience,uncommon people move,0.7
dubai united arab emirates feb globe newswire decentralized finance space entering new phase growth unfolds attention moving away simple trading toward platforms offer practical lending liquidity dubai united arab emirates feb globe newswire decentralized finance space entering new phase growth unfolds attention moving away simple trading tow chars,news,Negative,general_reading,no relevant content,0.7
asus leads way reference standard proart pakcx k x pixel mini led inch professional monitor dimming zones nits peak brightness support every major color spec trust toms hardware expert reviewers spend hours testing comparing products services choose best find testwhen new display tec chars,news,Neutral,general_reading,no relevant info,0.7
badgers common prairies recent federal assessment suggests theyre vulnerable threats facing endangered populations ontario british columbia badgers common prairies recent federal assessment suggests theyre vulnerable threats facing endangered populations ontario british columbia american bad chars,news,Negative,general_reading,irrelevant content,0.7
purpleptsd works partnership vikings territory similarly utmost offer topnotch coverage minnesota vikings result purpleptsd works partnership vikings territory similarly utmost offer topnotch coverage minnesota vikings result promoting five top articles th chars,news,Neutral,general_reading,no specific aspect,0.7
canadian bishops issued statement feb supporting bill c would prevent persons whose sole medical condition mental illness accessing physicianassisted suicide two legislative efforts limit canadas medical aid dying maid framework converged thursday conservative member parliament mp garnett genuis announcing bill focused maid coercio chars,news,Negative,general_reading,irrelevant content,0.7
korean exchange bithumb cleared air internal error credited certain user wallets concerning amount btc notably mishap resulted significant price volatility exchange drawing attention observing crypto ent korean exchange bithumb cleared air internal error credited certain user wallets concerning amount btc notably mishap resulted significant price volatility chars,news,Negative,general_reading,irrelevant content,0.7
protest originally supposed student walkout lanse creuse high school started pm feb degree weather feb individuals stood corner crocker boulevard metropolitan parkway harrison township blasting bad bunnys deb tirar ms fotos album w chars,news,Neutral,general_reading,incoherent text,0.7
nprs scott simon speaks author anne applebaum us may headed toward authoritarianism nprs scott simon speaks author anne applebaum us may headed toward authoritarianism,news,Neutral,general_reading,no specific aspect,0.7
hi friends welcome installer guide best vergeiest stuff world youre new welcome go seahawks guess also read old editions installer homepage week ive reading ullilililililiul plus weeks installer ai bookmarking app nintendo book muppets much plus weeks installer ai bookmarking app ninte chars,news,Neutral,general_reading,incoherent review,0.7
india offer zeroduty access american motorcycle manufacturers bikes engines cc move part interim trade pact us expected midmarch agreement also includes duty concessions us cars us wi new delhi india grant zeroduty access us motorcycle makers bikes engine capacities cc interim trade agreement move would benefit iconic ame chars,news,Neutral,general_reading,no relevant feedback,0.7
feel pet cant pet nprs scott simon talks writer anne fadiman new collection essays frog essays feel pet cant pet nprs scott simon talks writer anne fadiman new collection essays frog essays,news,Neutral,general_reading,incoherent review,0.7
reinforcement learning human feedback rlhf become important technical storytelling tool deploy latest machine learning systems book hope give gentle introduction core methods people level quan arxivlabs framework allows collaborators develop share new arxiv features directly website individuals organizations work arxivlabs embraced acce chars,news,Neutral,general_reading,no specific aspect,0.7
article url comments url points comments ceiling standard deep learning one saw versor opens door versor replaces standard matrix multiplications geometric algebra rotor operations preser chars,news,Negative,general_reading,incoherent writing,0.7
leprosy one least contagious diseases around perhaps one misunderstood colonies relics nottoodistant past diagnosed leprosy exiled alamelu grayhaired woman wears bright pink sari gaptooth smile lived kalvari nagar leprosy colony india years another colony family sent h chars,news,Neutral,general_reading,no specific issue,0.7
milan feb opening ceremony milano cortina winter olympics held friday night milans san siro stadium set record tickets sold head local organisers said saturdayanother spectators watched milan feb opening ceremony milano cortina winter olympics held friday night milans san siro stadium set record tickets sold head local org chars,news,Negative,general_reading,irrelevant content,0.7
p kharel activities china nepal merely political dissent state policy post dissecting chinas open wrath appeared first peoples review p kharel activities china nepal merely political dissent state policy heading narrative carried chinese name last fortnight kathma chars,news,Negative,general_reading,incoherent text,0.7
basement remodel excellent opportunity transform cramped underused area functional stylish spacious living space whether youre creating cozy family room home office guest suite several design strategies basement remodel excellent opportunity transform cramped underused area functional stylish spacious living space whether youre creating cozy family room home chars,news,Neutral,general_reading,not relevant to books,0.7
libertycappy one fights freedom constitution better thomas massie message jim robinson dear friends need continuing support keep fr funded donations sole source funding sugar daddies advertisers paid memberships n chars,news,Neutral,general_reading,no specific aspect,0.7
welcome catursaturday february shabbos jewish cats national fettuccine alfredo day celebrating favorite pasta dish also e day first two digits irrational number today english notation welcome catur saturday february shabbos jewish cats national fettuccine alfredo day celebrating favorite pasta dishits also e day first two digits chars,news,Neutral,general_reading,random text,0.7
ways watch england vs wales live streams online including free six nations round clash twickenham louis reeszammit watching stands powerless england racked tries wales backyard year ago theyve suffered backtoback wooden spoon humiliations without chars,news,Neutral,general_reading,no specific aspect,0.7
recently published article titled best affordable housing stocks buy january bofa analyst rafe jadrosich raised firms price target recently published article titled best affordable housing stocks buy january bofa analyst rafe jadrosich raised firms price target kb home nysekbh whil chars,news,Neutral,general_reading,no specific issue,0.7
bathroom lighting often something people leave last dont even think youll choose tiles taps mirrors lighting bit afterthought truth lighting make break bathroom feel bathroom lighting often something people leave last dont even think youll choose tiles taps mirrors lighting bit afterthought th chars,news,Neutral,general_reading,bathroom lighting often overlooked,0.7
former eu commissioner fine gael mep mairead mcguinness revealed unwell first interview since withdrawing last years presidential election former eu commissioner fine gael mep mairead mcguinness revealed unwell first interview since withdrawing last years presidential electionms mcguinness fine gael chars,news,Neutral,general_reading,no relevance,0.7
federal appeals court delivered victory trump administration friday night backing mass detention policy locks people intends deport threejudge panel fifth circuit court appeals texas split rul skip comments appeals court sides trump admin mass detention rulingjust news misty severi posted pst cfw federal appeals court deli chars,news,Neutral,delivery,late delivery,0.7
thirty years disneys grand floridian resort stood undisputed crown jewel walt disney world iconic red gabled roofs sweeping victorian lobby gentle chime monorail sliding past grand entrance de thirty years disneys grand floridian resort stood undisputed crown jewel walt disney world iconic red gabled roofs sweeping victorian lobby gentle chime chars,news,Neutral,general_reading,no specific issue,0.7
lightweight compact affordable chuwi corebook air amd ryzen h offers balanced mix mobility everyday performance matte ips display well suited longer work sessions combination gb ram nvme ss transparency selection devices reviewed made editorial team test sample provided author loan manufacturer retailer purpose revie chars,news,Neutral,general_reading,no specific aspect,0.7
saturday sbi reported net profit crore q higher period last year beating analyst estimates mumbai indias largest lender state bank india sbi saturday raised fy loan growth guidance basis points back trade deals announcements recent union chars,news,Neutral,general_reading,irrelevant text,0.7
many long described variation political opinion terms two key dimensions described either economic freedom personal freedom via rotated axes left vs right libertarian vs authoritarian many long described variation political opinion terms two key dimensions described either economic freedom personal freedom via rotated axes left vs right libertarian chars,news,Negative,general_reading,incoherent writing style,0.7
welcome back folks chemical romance setting perfect tone sing bctv dds unofficial official theme weve got latest edition bctv daily dispatch heres look back weve past hours posted streaming tv tagged bctv daily dispatch television todays bctv daily dispatch trumpobama taylor swift rookie winter olympics yellowjackets aewice heated rivalrywwe chars,news,Neutral,general_reading,no specific issue,0.7
automotive cells co confirmed halt plans build battery gigafactories germany italy said holding talks unions french venture key backer stellantis nv downsizes electricvehicle plans bloomberg automotive cells co confirmed halt plans build battery gigafactories germany italy said holding talks unions french venture key backer stellant chars,news,Negative,general_reading,irrelevant content,0.7
nssf posted record return member savings aims grow fund sh trillion despite concerns higher mandatory contributions could reduce workers takehome pay nssf ceo david koros prime cabinet secretary musalia mudavadi nssf chairman david kariuki launch report edward kiplimo standard national social security fund nssf ha chars,news,Neutral,general_reading,incoherent text,0.7
job seekers treat application materials afterthoughts copypaste text outdated word documents ignore visual hierarchy submit bland forgettable pdfs hiring managers scroll past seconds approach fails mo post contains affiliate links may earn commission click make purchase extra cost helps us run site thanks support job seek chars,news,Neutral,general_reading,unrelated content,0.7
qled tv already affordable extra offlifehacker cheat code help buy better tvktla forget oled id choose tcl mini led tv deal pricier modelszdnet tv sales super bowl week customers chase b write small letter grandma filename forbes burkowski cs university washington,news,Neutral,general_reading,no specific aspect,0.7
best reactions bridgerton season plus tv movie news weekbuzzfeed rags romance wins bridgerton season sweeps top netflix bridgerton season part teaser netflix teases benedict sophies f write small letter grandma filename forbes burkowski cs university washington,news,Neutral,general_reading,no specific issue,0.7
people watching online person american federal immigration enforcement stepping policy authoritarian police state using violence immigrants nativeborn backers operation metro surge minneapolis primary c people watching online person american federal immigration enforcement stepping policy authoritarian police state using violence immigrants nativeborn chars,news,Negative,general_reading,incoherent text,0.7
xrp talked different way token trade something could plug real finance related reading bitcoin selloff may done analyst flags recovery signs talk shifting tickerwatchers compa xrp talked different way token trade something could plug real finance talk shifting tickerwatchers companies want chars,news,Positive,general_reading,finance related reading,0.7
know importance wellbalanced diet weve known long time new report says addictive unhealthy food tightly regulated tobacco know importance wellbalanced diet weve known long time irish writer jonath chars,news,Negative,general_reading,irrelevant content,0.7
venezuelas former president nicols maduro countrys acting president delcy rodrguez raised catholic overwhelmingly christian country venezuelas former president nicols maduro current acting president delcy rodrguez raised catholic overwhelmingly christian country deep reverence indian spiritual leade chars,news,Negative,general_reading,incoherent text,0.7
built open source desktop ai assistant getting frustrated brittle tools feel questions go beyond basic q athe goal explore whether assistant could reliably handle interview style interactions system design natively invisible desktop assistant provides realtime insights answers support meetings interviews presentations professional conversations personal use downl chars,news,Neutral,general_reading,no specific aspect,0.7
recently published article titled best affordable housing stocks buy january keefe bruyette lowered firms price target dr recently published article titled best affordable housing stocks buy january keefe bruyette lowered firms price target dr horton inc nysedhi whil chars,news,Negative,general_reading,incoherent text,0.7
openai chomping proverbial bit bring first consumer ai device bearing internal codename sweetpea market second half however device expected chronically underdeliver promised potential openai chomping proverbial bit bring first consumer ai device bearing internal codename sweetpea market second half however device expected chars,news,Negative,platform_experience,confusing platform,0.7
new forthcoming books,ecommerce,Neutral,genre_preference,new forthcoming books,0.7
scientific technical books serials print,ecommerce,Neutral,genre_preference,scientific technical books,0.7
soviet science technology,ecommerce,Neutral,genre_preference,soviet science fiction,0.7
scientific medical technical books published united states america,ecommerce,Neutral,genre_preference,specific genre interest,0.7
scientific technical books print,ecommerce,Positive,genre_preference,scientific technical books,0.7
new book popular science,ecommerce,Neutral,genre_preference,popular science,0.7
us government research development reports,ecommerce,Neutral,genre_preference,specific genre interest,0.7
english mechanic mirror science art,ecommerce,Neutral,general_reading,no specific issue,0.7
english mechanic mirror science,ecommerce,Neutral,genre_preference,no preference mentioned,0.7
pure applied science books entries representing library congress subject headings covers disciplines science technology eg engineering agriculture domestic arts also contains least titles published many applications libraries information centers organizations concerned scientific technological literature subject index contains main listing entries entry gives cataloging prepared library congress authortitle indexes,ecommerce,Neutral,general_reading,no specific issue,0.7
popular science monthly,ecommerce,Positive,genre_preference,specific genre interest,0.7
scientific american monthly magazine devoted topics general scientific interest,ecommerce,Positive,general_reading,scientific interest,0.7
new scientist science journal,ecommerce,Neutral,genre_preference,specific genre interest,0.7
directory information resources united states physical sciences biological sciences engineering,ecommerce,Neutral,general_reading,directory information resources,0.7
new scientist,ecommerce,Positive,genre_preference,specific genre interest,0.7
book popular science,ecommerce,Positive,genre_preference,popular science genre,0.7
journal scientific industrial research,ecommerce,Neutral,genre_preference,specific genre interest,0.7
indian journal technology,ecommerce,Neutral,genre_preference,specific genre interest,0.7
good feel like fair hate books arent writing,,Negative,,,0.7
wish unread pjohoo series reread experience emotional rollercoaster without spoilers,,Positive,,,0.8
fricking loved autumns tiaras fire im currently reading told along inheritance games thats besides point,,Positive,,,0.8
silent patientit good book style kinda boring,,Neutral,,,0.6
unpopular opinion lightlark heard highly rated wish chose grim instead,,Neutral,,,0.6
ill forever love genuinely makes cry every time,,Positive,,,0.9
valid feel like could dug deeper autumn life thoughts personalities mostly foucused romance,,Neutral,,,0.6
didnt finish read book two cousins would make intimate things really could unread,,Negative,,,0.8
unpopular opinion youve reached sam hated writing style boring slow force read make cry even tho im trying find books opinion,,Negative,,,0.9
really want read good,,Positive,,,0.7
romantic books killing reading hobby like write something else,,Negative,,,0.8
betrothed kiara cass spoiler warning good plot cried dang hard silas died,,Negative,,,0.8
id want un read books read first time,,Positive,,,0.7
alleigent u know,,Neutral,,,0.5
havent read whole powerless series amazing yo need,,Positive,,,0.8
stroke midnight k webster age gap romance guy knockoff christian guy coupled female leads icky step brothers try gang rpe entire book dad remains blindsided throughout book also ends cliffhanger immediately like hell fcking,,Negative,,,0.9
dont get problem bj mean smt,,Neutral,,,0.5
dare hold icebreaker,,Neutral,,,0.5
dont dislike books taboo subject matter dislike author metaphorically yapping ear telling think theyre subtle anything,,Negative,,,0.8
friend told read verity colleen hoover idea read concept could actually interesting top sexual melodramatic got ridiculous end never,,Negative,,,0.8
hate amish romance books,,Negative,,,0.9
literacy dead,,Negative,,,0.8
magnolia parks could read,,Neutral,,,0.5
koran,,Neutral,,,1.0
fifty shades grey also type books hated twilight,,Negative,,,0.8
den vipers,,Negative,,,0.8
thank god someone whos guy calling books cuz tired getting called sexist complaining abt obvious gooner crap plot isnt good either books good reads,,Positive,,,0.7
funny homosexual fiction sort trope theyd immediately get backlash heavily like ew yall like abuse killing stalking etc two guysgirls friends yall shipping whole straight romance every media almost rarely ever gets talked,,Neutral,,,0.6
cheating homewrecking also normalised like dont yall shame,,Negative,,,0.8
hot take read books make uncomfortable good intellectually morally need experience art makes uncomfortable go way even analyze makes uncomfortable analyze author might written analyze everything time conservatism time high rising need intellectualism ever starts expanding worldview,,Positive,,,0.8
said hate colleen hoover like every video srrsly think get ppl read bcs want see actually ad bad claim get ppl read aside always hating colleen hoover love videos lol,,Positive,,,0.7
ordered icebreaker broo,,Neutral,,,0.5
icebreaker im sorry harry potter community author isnt best person,,Negative,,,0.8
call name,,Neutral,,,1.0
absolutely disgusting young women fed crap like try finding young adult book littered sexual violence forms abuse,,Negative,,,0.9
add haunting adeline list,,Neutral,,,0.5
haunting adeline hate zade,,Negative,,,0.8
eww gymnastics one,,Negative,,,0.8
lets get haunting adeline banned,,Negative,,,0.8
brought ugly love school book day year found teachers desk knew cooked,,Neutral,,,0.5
books stars opinion,,Neutral,,,0.5
thought foarm pedophilia banned across civilized world find books middle eastern countury,,Negative,,,0.8
honestly neighbor stole christmas candycane scene though cary,,Negative,,,0.8
hate lovely bones burning passion,,Negative,,,0.6
sa terrible need stop kink shaming seriously,,Negative,,,0.8
book deserved burnt,,Negative,,,0.9
books author ahem jk rowling ahem,,Positive,,,0.8
glad didnt mention twisted love,,Negative,,,0.7
acotarrrrrr,,Neutral,,,1.0
fear loathing las vegas needs hate,,Negative,,,0.8
true pleasure literature found bizarre demanding works name helen dewitt ilya gridneff every year set reading challenge sometimes smallread poetry read older booksand sometimes quite large decade ago spent entire year reading nothing chars,,Positive,,,0.7
decade trump era readers hungry learn man seem fill long ago books donald trump safest bet publishing fire fury michael wolffs tellall trumps chaotic first year office monster best seller chars,,Neutral,,,0.6
writers recommendations literature challenges expands edition wonder reader newsletter editors recommend set stories spark curiosity fill delight sign get every saturday morning chars,,Positive,,,0.8
university breaches cyberattacks shut whole supply chains worst cybersecurity incidents year strange year cyberspace us president donald trump administration launched foreign policy initiatives massive changes federal government significant ge chars,,Negative,,,0.7
spending video game hardware november totalled million drop percent compared last year according market analyst company circana lowest video game hardware spending total november month since reached ullilililililiul cost new hardware going cost new hardware going jay petersclose jay peters posts author chars,,Negative,,,0.8
one concerning questions sales teams beginning tech giants killing cold outreach answer know yet perspective someone working sales apple google recently introd one concerning questions sales teams beginning tech giants killing cold outreach answer know yet perspective som chars,,Negative,,,0.7
taylor swift biggestseller olivia dean sabrina carpenter also topping charts mark savagemusic correspondent olivia deans art loving one bestselling albums almost noones surprise taylor swift dominated uk music charts stars chars,,Positive,,,0.8
ive always wanted write book close time back blog getting lot attention big tech book publishers reached whether interested writing book conversations chars,,Positive,,,0.8
ford announced series changes gas electricpowered vehicle business aimed dramatically increasing hybrid vehicle production face slowing ev sales automaker also introducing new products part plan including ullilililililiul automaker make erev version f lightning get miles range automaker make erev version f ligh chars,,Positive,,,0.7
small sample size likely driven black friday discounts temporary virality nex playground gone littleknown console curiosity bestseller track quadruple sales last year according research firm c ullilililiul nex playground track move consoles quadrupling last years sales nex playground track move consoles quadrupling last years sa chars,,Positive,,,0.8
today calculatedrisk real estate newsletter lawler another strange nar reading northeast median sales prices excerpt today calculatedrisk real estate newsletter lawler another strange nar reading northeast median sales prices excerpt todays existing homes sales report national assoc chars,,Neutral,,,0.5
windows users cant go back gb ram laptop makers may choice turn clocks back year half microsofts leadership stood stage pronounced new era computing upon us right though way anybody ai evangeli chars,,Negative,,,0.8
foldable smartphone panel shipments projected jump yearoveryear apples entry market serving main catalyst according counterpoint researchs latest foldablerollable display shipment tracker apple k foldable smartphone panel shipments projected jump yearoveryear apples entry market serving main catalyst according counterpoint researchs latest fold chars,,Positive,,,0.8
biggest names tiktoks book community give rolling stone predictions side app might look like people across globe finally flip calendars wont start brand new year creators booktok section tiktok obsessed everything l chars,,Positive,,,0.8
market domination overtime host josh lipton previews several biggest stories come tomorrow friday december including earnings results right time watch friday december th youre going start earnings front theyre getting reports friday including carnival cruise conagra chars,,Neutral,,,0.8
introduction motorolas first bookstyle foldable phone want know form factor prefer flip phone larger tabletlike foldable years seemed motorola content sticking flip phones foldable choice meanwhile google opted solely bookstyle foldables samsung invested mo chars,,Neutral,,,0.6
suffragists didnt march baked held bake sales sold cookbooks raise money cause equality long fight voting rights women america delicious twists suffragists often raised money activities bake sales compiling cookbooks sell might chars,,Positive,,,0.8
key reports week december cpi existing home sales november retail sales also new home sales september october w key reports week december cpi existing home sales november retail sales also new home sales september october released manufacturing december industrial chars,,Neutral,,,0.8
finding good book substitute going local independent bookstore browsing whats finding good book substitute going local independent bookstore browsing whats front tables bestsellers shelf staff picks bookshoporg chars,,Positive,,,0.8
kilmar abrego garcia man trump administration mistakenly deported march eventually returned free ice custody indiana lawmakers reject redistricting proposal good morning youre reading first newsletter subscribe get delivered inbox listen first podcast news need start day todays top st chars,,Neutral,,,0.6
costco beat expectations net sales nearly billion first fiscal quarter including us comparable sales growth holiday season recordsetting one costcoscott olsongetty images ullicostco reported firstquarter net sales nearly billion last yearliliin us chars,,Positive,,,0.8
small publishers revolutionizing photo book business chose favorites finally good news photobooks objects wobble totems cultural cachet immersive art experiences thriving novembers paris photo met gala photography chars,,Positive,,,0.9
epics battle royale getting cosmetics based popular childrens book series post fortnite leaker wanted ruin harry potter surprise jk rowlings transphobe appeared first kotaku fortnites crossover slop spread engulf wizarding world epics inescapable battle royale gearing add cosmetics based harry potter game become worldwide phe chars,,Negative,,,0.7
davon moseley turned side hustle love food full time job becoming influencer royale eats channel davon moseley influencer behind royale eats social media channels turned side hustle fulltime jobdavon moseley ullidavon moseley turned online side hustle love chars,,Positive,,,0.8
spacexs purchases could add anywhere million million sales tesla elon musk resorting one oldest tricks book robbing peter pay paul boost demand cybertrucks electrek reported musk using one companies spacex chars,,Negative,,,0.7
christmas sales best buy still advertising compelling chromebook deals ive seen ton chromebook deals holiday season samsungs laptops largely overlooked one notable exception samsung galaxy chromebook plus one favorite chro chars,,Positive,,,0.8
new analytics show abysmal video game hardware sales black friday price hikes arent yet rough holiday season video game hardware far analytics company circana released november report wednesday showing rising prices console sales worst point chars,,Negative,,,0.8
two big names mainstream disaster preparedness helped sell americans fear anxiety new generator pat expresses especially acute concern havenot dynamics pervade major disaster im sure im gonna strong enough turn somebody away need food cont chars,,Negative,,,0.8
gen z shoppers turning collectible trading cards like pokmon yugioh secondhand products ebay found author investing pokmon cardsillustration thomas trutschelphotothek via getty images ullicollectible trading cards like pokmon yugioh popular among gen zlilithe chars,,Positive,,,0.8
order wont legalize cannabis federal level president donald trump signed executive order oval office white house thursday reschedule cannabis schedule drug schedule iii drug move legal chars,,Positive,,,0.8
mad basically would happen alien earth manga battles par chainsaw man jujutsu kaisen spirit putting people onto new series becomes unfashionable claim ground floor blow popularity weve decided put manga series previou chars,,Neutral,,,0.6
youtuber doesnt seem fazed apples threats people apple would love delete face planet bloombergs mark gurman whos consistently divulging apples plans one tf international securities analyst ming chars,,Negative,,,0.7
last call holiday deals walmart black friday sales youre still wrapping christmas shopping youre luck walmarts holiday sale live bunch great deals tow iconic retailer chars,,Positive,,,0.8
whispers samsung galaxy edges demise circulate following disappointing sales recent bis certification leak hints potential resurrection ullisamsung galaxy edge may dead new bis certification hints existencelilicontradicting reports suggest potential independence galaxy edge main lineupl chars,,Negative,,,0.7
least four provinces using sales american liquor fund food banks charities canadian provinces removed american liquor store shelves earlier yearjennifer gauthierreuters ullimost canadian provinces pulled us booze shelves march protest trump chars,,Negative,,,0.8
new deloitte survey finds price driving range charging concerns slowing ev adoption americans still pretty skeptical electric vehicles despite affordable ev options market ever say theyre planning buy traditional gaspowered car thei chars,,Negative,,,0.8
lexus yet reported detailed sales figures calendar year luxury automaker looks set shatter records lexus expects sales lexus yet reported detailed sales figures calendar year luxury automaker looks set shatter records lexus expects sales exceeded units tim chars,,Positive,,,0.8
suite proev federal policies reversed wellknown vehicles discontinued sales plummeted interest holding steady electric vehicle industry taken pummeling year trump administration expected reversed whole suite federal policies promoted encouraged evs californias ability chars,,Negative,,,0.7
elon musks automaker introduced smorgasbord discounts deals tesla facing race avoid another year declining sales elon musk bought twitter created system seemingly designed reward posters excelled rage baitbrendan smialowskiafp via getty images ullitesla introduced wave chars,,Negative,,,0.8
sales executive dave baxter underwent weeks ai training realizing client knew technology dave baxter took ai course free time better understand technology concluding career depended itjustin obney ullidave baxter sales executive recently chars,,Neutral,,,0.6
december shopped holidays target walmart see chain better sales prices presents kids husband didnt see huge difference pricing items list walmart target theres one store id rather shop gifts atterri peters ullii shopped christmas gifts f chars,,Neutral,,,0.6
sales evs north america fell compared last year china confirming fears us auto execs tesla ev chargersjustin sullivangetty images ulliev sales rose globally declined north america year new data showslilithe us sales slump follows policy changes chars,,Negative,,,0.8
chirp wellness founded tate stock grew barn million sales pivoting yoga wheels pain relief tools tate stock started company nowwife hannahcourtesy tate stock ullitate stock wife hannah founded chirp wellness companylilihe started business chars,,Positive,,,0.8
jonas koh fulfilled dream starting nasi lemak hawker stall area filled frugal older crowd hes struggling get sales jonas koh plate nasi lemak front stall kumpong boysaditi bharade ullijonas koh long aspired boss open food businessliliin september chars,,Negative,,,0.7
tesla legacy automakers shifting budgetfriendly evs amid sales declines subsidy cuts mounting us consumer auto debt concerns legacy automakers starting launch lowerpriced evs highpriced models phased toyotas chr pictured josh lefkowitzgetty images ullitesla sales declined chars,,Negative,,,0.8
paramounts ceo urged shareholders tender shares slammed wbd opaque sales process gave netflix preferential treatment david ellison told wbd shareholders late switch teams netflix paramountpatrick fallonafp via getty images ulliparamount ceo david ellison wrote letter wb chars,,Negative,,,0.8
gear retailers endofyear results make interesting reading offers telling insight players buying habits buy links articles future syndication partners may earn commission reverb published annual endofyear data identifies bestselling guitars chars,,Neutral,,,0.8
german court banned vitures ar glasses europe infringing xreals patents need know ullia german court ruled vitures ar hardware infringes xreals optics patent triggering sales freezelilithe injunction targets vitures eu distributor eden futur chars,,Negative,,,0.8
pune book festival witnessed overwhelming response first two days attracting lakh visitors recording book sales worth several crores fergusson college grounds pune book festival drew overwhelming response opening weekend lakh visitors attending saturday sunday book sales running several croresorganised chars,,Positive,,,0.9
bose quietcomfort earbuds perfect pick noisecancelling enthusiasts holiday earbud deals mostly coming close though still find lingering around know look years leftover christmas deals include bose quietcomfor chars,,Positive,,,0.8
calculated risk real estate newsletter week click graph larger image nar existinghome sales increased calculated risk real estate newsletter week click graph larger image nar existinghome sales increased million saar november lawler another strange nar readin chars,,Positive,,,0.6
anyone shopping portable power stations find percent anker jackerys best accessories week retailer hosting new years sale popular charging accessories major savings highpriced power stati anyone shopping portable power stations find percent anker jackerys best accessories week retailer hosting new years sale popular charging acce chars,,Positive,,,0.8
drills came beijing expressed anger us arms sales statement japans prime minister saying military could get involved china take action taiwan hong kong chinas military monday dispatched air navy rocket troops conduct joint military drills around island taiwan move beijing called stern warning separatist chars,,Negative,,,0.8
wednesdays christmas eve drawing ended lottery games threemonth stretch without topprize winner final ticket sales pushed jackpot higher making secondlargest us history powerball player arkansas billion jackpot wednesdays christmas eve drawing ending lottery games threemonth stretch without topprize winner winning numbers chars,,Neutral,,,0.8
global smartphone pc markets face potential contractions respectively according downside risk scenarios idc trace problem memory chip manufacturers shifting production capacity away consumer ele global smartphone pc markets face potential contractions respectively according downside risk scenarios idc trace problem memory chip manuf chars,,Negative,,,0.8
amazon audible arent places get best ebooks audiobooks fact alternatives make feel much warmer inside like many people id like spend money ethically author thats particularly true buying books rather contribute jeff bezoss lets send katy perry slightly orbi chars,,Positive,,,0.8
large insider sales spark investor caution ai chip stocks rally yearend article first appeared gurufocus nvidia nvda financials broadcom avgo financials executives sold lot shares makes people wonder insiders feel chars,,Negative,,,0.7
foldable iphone homepad smart home hub apple lot new hardware coming soon delay new aipowered siri apparent sales flop iphone air exodus highlevel executiveswhether due retirement attritionapple turbulent w chars,,Negative,,,0.8
special note still uncertainty economic reports released key economic reports week november special note still uncertainty economic reports released key economic reports week november employment report october retail sales november cpi chars,,Neutral,,,0.8
posters appeared teslas california factories review linkedin profiles show automaker scaling ridehailing service tesla secured permit allows company operate ridehailing service autonomous vehicles texasjay janneraustin americanstatesman via getty images ullitesla recruiting fa chars,,Neutral,,,0.8
stop name god charlie kirk released donald trump jrs publishing house winning team publishing stop name god honoring sabbath transform life hit amazons frequentlyupdated list top books wednesday steadily rising ranking sinc chars,,Positive,,,0.8
deleted linkedin week enjoying refreshing break seo va business development managers want connect name synergy worklife coaches want ask one question copypaste cont deleted linkedin week enjoying refreshing break seo va business development managers want connect name synergy worklife coaches want ask chars,,Positive,,,0.8
click accept partners including part iab transparency amp consent framework also store andor access information device words use chars,,Neutral,,,0.8
stockholm jan reuters ev maker polestar reported sharp rise fourthquarter vehicle sales friday helped recent strategy focusing stockholm jan reuters ev maker polestar reported sharp rise fourthquarter vehicle sales friday helped recent strategy focusing europe companys sales rose chars,,Positive,,,0.8
also cyberpunk took even longer get started post xbox set terrible new record appeared first kotaku would microsoft secretly happier people stopped buying xbox entirely would risk breaking samsung galaxy z fold chase high score league legends unplayable chars,,Negative,,,0.8
cost tops q earnings estimates comp sales growth strong membership gains ecommerce momentum costco wholesale corporation cost reported firstquarter fiscal results wherein top line fell short zacks consensus estimate bottom line beat nonetheless r chars,,Positive,,,0.7
tesla inc vehicle sales fell last year fourthquarter deliveries declined vehicles figures drop elon muskled company tesla inc vehicle sales fell last year fourthquarter deliveries declined vehicles figures drop elon muskled company well behind chinas byd co global ra chars,,Negative,,,0.8
october bbc reported chinese automotive giant byd announced uk overtaken international markets become image credit oasishifishutterstock october bbc reported chinese automotive giant byd announced uk overtaken international markets become largest chars,,Neutral,,,0.8
lowpass janko roettgers newsletter everevolving intersection tech entertainment syndicated verge subscribers week every year tv makers flock ces las vegas show bigger brighter betterlooki ullilililililiul ces ai taking tv pretty obtrusive ces ai taking tv pretty obtrusive janko roettgersclose chars,,Neutral,,,0.6
experts say cracker jokes sharing moment quality gag laurence cawleybbc london investigations key good christmas cracker joke whether funny whether illicit groans around dinner table experts say much sant chars,,Positive,,,0.7
people embracing excess nostalgia huge demand bold designs past experts say peek tv classic among sea retro paper chains garlands tinsel foil garlands multicoloured floral lights lounge looks like christmas threw making retu chars,,Positive,,,0.8
chinas foreign ministry said sanctioned firms individuals would assets within china frozen china announced sanctions us defense companies senior executives friday citing us arms sales taiwan motive statement chinas foreign ministry said assets chars,,Negative,,,0.8
even switch november terrible month new hardware post video game console sales flatlined ahead holidays prices soar appeared first kotaku new nintendo console market christmas first time eight years apparently wasnt enough juice overall hardware sales according latest data last month w chars,,Negative,,,0.8
charger take everywhere super useful post ankers mah power bank hits first record low new year skipping holiday sales appeared first kotaku might find using anker power bank wondering managed live without anker power bank made need charge phone tablet l chars,,Positive,,,0.8
last week christmas means holiday shopping season quickly wrapping mind recapping best lastminute deals find online week warned guaranteed delivery december last week christmas means holiday shopping season quickly wrapping mind recapping best lastminute deals find online chars,,Neutral,,,0.6
sports cars earned fame performance massive global sales ford mustang mazda miata porsche cars fast others famous claim spot list bestselling sports cars time timeless american muscle lighthearted japanese icons cars chars,,Positive,,,0.8
brusselslondonstockholm dec european commission expected tuesday reverse eus effective ban sales new combustionengine brusselslondonstockholm dec reuters european commission expected tuesday reverse eus effective ban sales new combustionengine cars bowing intense pres chars,,Negative,,,0.7
since sales gms combustionpowered blazer steady decline even allelectric blazer bit niche seller days although chevy needs true offroad blazer since sales gms combustionpowered blazer steady decline even allelectric blazer bit niche seller days alth chars,,Negative,,,0.7
national retail federation nrf reported retail sales november increased yearoveryear nrf chief economist executive way knowing much spending accounted top third decile even americans income yeah weve weve actually working uh partners uh chars,,Positive,,,0.7
washington dec reuters pentagon said wednesday lockheed martin given contract involving foreign military sales taiwan meet kanishka singh washington dec reuters pentagon said wednesday lockheed martin given contract involving foreign military sales taiwan meet washington calls chars,,Neutral,,,0.8
eight arms sales agreements announced wednesday cover highmobility artillery rocket systems himars army tactical missile systems eight arms sales agreements announced wednesday cover highmobility artillery rocket systems himars army tactical missile systems atacms similar us prov chars,,Neutral,,,0.8
beijing imposed sanctions friday us defenserelated companies executives week washington annoucned largescale arms sales beijing ap beijing imposed sanctions friday us defenserelated companies executives week washington annoucned largescale arms sales taiwan sanctions entail chars,,Negative,,,0.8
toyota tacoma midsize pickup truck stellar sales year heres many american drivers picking tacoma instead rivals japanese automaker toyota produces popular nameplates america including models like toyota rav toyota camry pickup trucks may first vehicle class people chars,,Positive,,,0.8
beauty industry struggled balance retail stores digital sales market brickandmortar locations essential beauty industry struggled balance retail stores digital sales market brickandmortar locations essential original sale example w chars,,Neutral,,,0.6
trump administration announced massive package arms sales taiwan valued billion includes mediumrange missiles washington ap trump administration announced massive package arms sales taiwan valued billion includes mediumrange missiles howitzers drones move chars,,Neutral,,,0.6
us retail sales remain largely unchanged month october according latest data us department commerce figures rose market trying make sense meantime brooke seeing stocks kind initially went higher seeing go little lower stands yo chars,,Neutral,,,0.6
mercedesamg g carrying sales price disappeared somewhere new york dealership nevada driveway mercedesamg g carrying sales price disappeared somewhere new york dealership nevada driveway legal battles auto world involve dr chars,,Negative,,,0.7
get ready sleek phones companies compete attention dollars ive observed interesting disconnect year every mobile event biggest crowds swarm around slimmest phones apples iphone air samsungs galaxy edge pull one chars,,Positive,,,0.7
late early one could participate variety mostly novel hobbies asked whatif reading watching science fiction especially star trek reading wr late early one could participate variety mostly novel hobbies asked whatif reading watching science fiction especially star trek reading writin chars,,Neutral,,,0.7
auto industry reality set automakers buyers resetting expectations plans electric vehicle market us large companies made quick decisions cut slowselling much chars,,Neutral,,,0.6
